CustomerName,StreetNumber,StreetName,Zip,DOB,Savings,Checkings,CreditCard,Pin
Tatiania Ditchburn,4,Columbus,,394701901000,$98460.64,$51629.46,5048372099678829,9877
Pru Perfili,2333,Pankratz,,1394298034000,$5013.22,$18539.29,5108755051962057,6176
Winna Wadge,0629,Novick,7300,1078067409000,$24254.73,$38948.51,5048372553155876,4428
Ilysa Sich,001,Fuller,606083,6695070000,$66758.74,$53966.06,5108754266561879,3022
Alison Bisley,13880,Arrowood,,-131639912000,$53048.90,$63291.37,5108759462702110,7855
Timmie Gregon,887,Logan,,-153425023000,$87259.85,$24201.62,5048375961080115,8645
Chucho Hazlehurst,70025,Moulton,14040 CEDEX 4,416195909000,$36068.42,$22102.43,5048372609646803,3362
Hanna Hebditch,30805,South,,263416229000,$89968.17,$17863.21,5108754297475644,5455
Miof mela Antliff,194,Dottie,8611,416179872000,$15183.74,$34735.37,5048375270799728,6854
Nissie MacMeanma,89,Sundown,,-210410676000,$9134.44,$80642.37,5108754734691688,7668
Laurette Booty,7,Golden Leaf,,1298634036000,$78901.63,$54699.55,5108757841166130,4228
Lucretia De Paepe,30,Russell,,214693452000,$15662.02,$76601.90,5048376778304839,3163
Berrie Georgiades,22,Transport,3078,-602905252000,$95180.31,$3311.49,5048379883657117,2302
Roby Gypson,8,Hanson,,-623615371000,$64290.62,$75647.18,5048376250534218,4511
Antonia Reinard,56857,Claremont,141 21,-514251998000,$23572.97,$18320.21,5108751243375365,3854
Klara Dust,6,Nobel,,373027561000,$21918.11,$39731.82,5048376134374039,7596
Miles Menauteau,77652,Weeping Birch,,-104895865000,$96567.08,$19253.82,5108753851305668,5622
Cedric Djekovic,80,Ridgeway,,-141124173000,$46455.38,$1797.59,5048377175743108,5850
Corrina Lackeye,9507,Memorial,,151815676000,$31794.38,$57514.39,5048375635732471,4146
Sid Curado,906,Grayhawk,,1183989476000,$61498.85,$87182.54,5048375492576375,3006
Belia Rolfe,8665,Anhalt,,-8640041000,$77596.00,$81767.25,5108754016108369,3880
Jemima Roches,86,Esker,,326613286000,$77287.97,$29710.77,5048371105563165,3847
Lorilyn Kemmons,641,Anhalt,187750,1219577521000,$9901.70,$66258.67,5048373419490929,3312
Martin Rodgman,57210,Ryan,7644,232521487000,$2242.94,$26200.11,5048374813724392,2280
Myrle Morison,1199,Northwestern,,1523083709000,$26860.01,$62003.01,5108750074691056,5746
Myrtie Glashby,5064,Kinsman,,1376255361000,$6039.88,$39195.69,5108750937302206,7070
Corri Ducrow,3,Prairieview,,723173691000,$15387.47,$65409.21,5048374594876924,7582
Prisca Dulake,192,Lunder,435 43,1489685902000,$44648.44,$34431.41,5108757545531266,3936
Carina Bradbeer,4,Swallow,,709812786000,$96139.49,$45515.53,5048374472567595,4783
Kathe Geely,5794,Village,,1269437365000,$67897.14,$15467.83,5108756897341373,6549
Robinet Winter,9,West,547018,-40935844000,$75033.56,$54719.66,5108750145868881,1556
Bent Bromidge,03542,Hovde,9407,461607356000,$49482.00,$10065.42,5108759882775407,7609
Dita Cockarill,242,Ilene,273 43,586426300000,$93511.39,$37346.27,5108758583255032,6836
Vanna Janew,1554,Lotheville,,1597004308000,$36955.30,$94710.80,5108751389812007,5084
Daria Yanez,3,Buhler,A63,-456975903000,$8201.26,$36250.66,5108757569640688,8303
Dolph Mayoh,84,Ilene,,218112635000,$5134.37,$57955.18,5108757619660330,8916
Thatch Flewett,9171,High Crossing,4201,62351639000,$48676.08,$13772.08,5048376952419684,9667
Milton Mellings,4,Magdeline,9121,-453942393000,$18999.46,$20481.90,5048376573857106,2264
Auria Huccaby,90333,Sage,793 05,101616504000,$87317.08,$31714.63,5108750298983305,4084
Cammie Bough,15,Buhler,,1371492281000,$45825.83,$79976.61,5108753286152156,2509
Tim Whiteway,14,Mitchell,,-286805044000,$75114.82,$62258.41,5048371709459471,7662
Suellen Baudinot,72892,Bobwhite,,-562968795000,$22957.85,$74938.81,5048375876403477,7211
Maynord Vondrak,2243,Jackson,17184 CEDEX,1047607909000,$88524.49,$51071.01,5048379087122215,6189
Zolly Fryer,01302,Welch,09430,-511861569000,$37296.89,$32060.06,5048374283323469,2098
Mellicent Trail,42686,Morningstar,36150,-276684792000,$43742.37,$63051.29,5108758588217037,6525
Mabelle Cona,81630,Dapin,11809,1040567842000,$13181.00,$73511.97,5108751942269653,5966
Ev Enga,24,Bluejay,,837367935000,$37293.55,$67258.43,5108758115547906,8016
Brander Leivers,6,Mitchell,8006,1526254082000,$35455.86,$25964.14,5048379016590748,6483
Chicky Heaslip,50,Delaware,,236540386000,$1212.87,$24601.88,5048373116354956,6022
Catharine L'Episcopi,8436,Eagan,,1338406607000,$1420.70,$75619.66,5048374358314880,7307
Jesselyn Hamshere,7,Bay,62767,1619683988000,$95737.63,$13998.65,5048374820388645,2609
Dolley Tousy,7328,Drewry,,1212951332000,$53237.48,$88234.06,5108752030053827,9608
Ximenez Aldous,7,Green Ridge,,839804754000,$62542.31,$36731.79,5108756444703026,5462
Gabbi Postins,3920,Atwood,4640-301,-46736502000,$1357.09,$31510.05,5048370020783791,1535
Etienne Kelf,078,Messerschmidt,,22758510000,$74009.09,$81756.59,5048374724339322,8552
Paulita Lavrinov,2,Continental,,986176190000,$60044.63,$18370.02,5108753548410764,1062
Mandel Pyrton,81,Bunting,6527,320551039000,$25198.25,$34621.80,5108755315349133,8497
Alf Goford,7,Roth,V1A,775511132000,$88065.66,$46374.30,5048375988591367,7368
Christophorus Zincke,4,Summer Ridge,,403869467000,$918.54,$66173.92,5048377005961573,8875
Basile Burkwood,520,Jenifer,1040,10218323000,$65188.34,$20996.69,5108757848832387,7225
Sharron Houseley,1,La Follette,21-146,352452091000,$70432.16,$50208.88,5108751845443009,2021
Gale Rubica,5,2nd,658138,-59654040000,$28247.99,$31560.56,5108757571229678,7414
Hazel Szubert,94,Oneill,20404,221191005000,$57196.29,$81103.62,5108756299675691,5458
Margi Krollman,72678,Pierstorff,3107,1106199877000,$20829.12,$98284.98,5108750384553376,2981
Rabi Van der Brugge,055,Chive,73700-000,1496101473000,$2672.92,$64967.89,5048376082793842,1233
Frants Cours,4,Fair Oaks,,1488865529000,$90228.52,$8977.11,5048372696903141,7283
Johnathon Gercke,86251,Merrick,35540-000,153116919000,$4036.41,$84746.19,5108754550115192,5165
Gus Boylin,168,Buena Vista,,1101646799000,$4259.40,$46810.75,5048374450869922,6151
Morna Geach,70578,Troy,4616,-203588950000,$9038.70,$26164.02,5108759656999886,2604
Tybie Buckberry,672,Lakewood Gardens,169 05,-521796325000,$86779.98,$89937.48,5108759574432689,4815
Salvidor Secker,1929,Pankratz,4425,667594882000,$25360.60,$86254.01,5048371483175517,9142
Dasya Adamo,21212,Manitowish,,969802086000,$2786.58,$86401.20,5108755452699639,5424
Corissa Kirby,095,Kropf,,398842515000,$66896.25,$42990.57,5048379572176577,7578
Donnajean Bussy,59959,Ronald Regan,457650,1203375274000,$93660.33,$35680.43,5108754892359748,5715
Sibeal Jordi,0531,Toban,,-47506040000,$24858.38,$95499.31,5048376044572656,6999
Reta Petris,528,Hayes,,1299603748000,$31540.48,$76785.18,5108759822703915,7533
Walt Johnys,727,Little Fleur,,390464881000,$41607.44,$55948.63,5108756963644957,4152
Kai Ducker,34,Vernon,,1254455444000,$99693.67,$567.26,5048379789831535,1315
Mateo Zarfat,07,Elka,39-124,871854271000,$83782.87,$88697.34,5048374460028022,5678
Aleece Frayling,4,Grayhawk,,1465621101000,$94098.93,$72255.64,5048370262533441,8926
Tiffie Isles,51967,Alpine,,1550224347000,$11110.64,$47349.86,5108754324564824,9660
Herc Daintree,4,Mallory,822 30,1276832805000,$35851.84,$42342.37,5048377240470596,7258
Codi Hillett,0984,Tennessee,66-330,1047180175000,$19271.95,$1524.11,5108755992107002,1596
Quill Dukes,55098,Clemons,,1565349780000,$79930.27,$31713.29,5108751447146687,8183
Martainn Ackenhead,583,Jackson,,-23647746000,$94728.30,$58443.18,5048371520579713,1245
Herve Veasey,60,Reinke,,-136305967000,$85477.47,$74422.08,5108752130820695,8795
Rockie Sargant,33,Del Sol,,750125134000,$78122.73,$5956.04,5048373865199412,5576
Jerrine Jorczyk,49,Quincy,,513779689000,$48027.65,$32294.86,5048378229044691,4896
Giffard Forbear,5564,Anzinger,,754268672000,$78696.93,$4978.88,5048371300790100,3411
Kiley Corson,277,Warrior,747 67,484808206000,$94406.02,$25555.43,5048373845351737,6022
Brandyn Cowell,9,Morning,252257,1105668266000,$91566.93,$78666.42,5048376991592681,8027
Garrik Swetman,2,Butterfield,15990-000,195368632000,$61494.31,$66323.02,5108755357548667,4102
Renaud Colledge,5,Havey,29216,1595045466000,$91682.73,$24439.20,5048372699892952,3084
Alma Skeats,73165,Rockefeller,,1410032706000,$72233.72,$22290.09,5108750355790502,4578
Rosalinda Tumbelty,3134,Johnson,,717675396000,$73202.38,$91728.26,5108753791828464,2815
Kathy Grzegorek,938,Susan,,-413529012000,$42637.39,$46627.85,5048377646897590,3802
Brittaney Figg,4,Miller,,1542031373000,$19868.66,$78883.64,5048376027226932,9059
Bianka Shalcras,11195,Utah,174 44,-184177667000,$41093.78,$72778.03,5108751652061670,7542
Morganica Khrishtafovich,796,Westerfield,,1077745289000,$47861.70,$13731.19,5108753009128020,9730
Glyn Tyrrell,8,Independence,2302,422731625000,$90740.40,$81881.31,5048373770599771,2178
Barney Leggen,9,Eastwood,,436395946000,$45330.92,$30230.89,5048375095088752,2505
Shina Blanchflower,27683,Elgar,,723079098000,$30139.81,$61654.15,5108751276644695,1883
Clarance Slowcock,393,Clyde Gallagher,,847563525000,$96062.30,$89792.92,5048379418226164,8927
Cob Kraut,3191,Norway Maple,,1015347460000,$46023.07,$45439.49,5108753505350615,5258
Roz Raffan,1,Twin Pines,,-123241325000,$81490.35,$63819.31,5048373400829168,7428
Wayne Bruins,97632,Autumn Leaf,3120,1478656285000,$96264.26,$33665.11,5108757852997951,3554
Farrell Sach,696,Scoville,,721837608000,$14542.66,$68049.95,5108759168797240,6643
Lilas Sleite,89,Eagan,,-84764643000,$40925.80,$13881.97,5108752682690272,5194
Freddy Akers,2227,Troy,,695354975000,$14250.12,$8494.07,5108751808424665,8879
Audrey Backshell,1128,Vidon,,1487001051000,$4204.12,$34115.79,5108754025423510,8516
Cloris Hodgets,34534,Esker,,918821929000,$96564.89,$68885.43,5108753072360799,1360
Mahmoud Kinsman,732,Stuart,783 35,-500696147000,$87856.77,$1814.85,5108752359714306,5194
Arvie Klesel,87573,Arrowood,,338464856000,$22543.15,$54274.26,5108755043367829,6760
Roland Spare,12938,Badeau,,1214267823000,$88072.49,$43000.47,5108755571502482,9002
Daron Sutcliff,3398,Badeau,9760-406,24627899000,$63251.87,$11985.60,5048377300712614,4673
Cherice Ellesmere,89,Fisk,6407,1553867907000,$39212.61,$52760.02,5108750622185791,1750
Alissa Musker,0410,Lighthouse Bay,26009 CEDEX,-142239081000,$26684.88,$55869.09,5108751131642835,1025
Odelle Batchelor,4,Sunfield,595-0031,446541644000,$35521.09,$40182.32,5108753395348513,3692
Holly Trustie,73,Eastlawn,9209,772420329000,$68637.61,$59340.38,5108752510690072,1907
Mose Kroon,5929,Lillian,346580,977301488000,$58404.24,$69293.89,5108751492901176,3032
Emmie Gordon-Giles,1,Maryland,89060,1082254838000,$69338.83,$36677.83,5048370402127773,7346
Collie Springham,620,Tony,,765597861000,$94015.45,$91647.37,5048376584384124,6715
Loella Hanham,378,Del Mar,4505-854,83498236000,$43411.81,$10653.17,5108755053521612,6581
Beilul Tyrie,2536,Corben,,315532627000,$7288.61,$27208.93,5048374930705274,8431
Frank Garvan,28712,Sunnyside,,621662826000,$48471.45,$75712.82,5108753890656683,9162
Archambault Rizzotto,08896,Jenna,,-522399906000,$96992.89,$28083.56,5048378501108511,8446
Hubert Card,38764,Columbus,63121,974484110000,$806.31,$46714.19,5108759795617969,3517
Devinne Vatini,7530,Lake View,,-83758797000,$19026.62,$91923.62,5108756860640108,6513
Abelard Bartak,75644,Tennessee,4640-545,227334501000,$27058.04,$59079.71,5108751057107987,2986
Horten Lipsett,5240,Bonner,851 06,991743195000,$84791.23,$49622.55,5048377019403117,2464
Kev Virgoe,6383,Barnett,,-278783998000,$25260.91,$79749.16,5048373652439062,6909
Ursola Chimenti,54,Manufacturers,,474463729000,$12640.99,$70760.02,5048372740387838,4803
Aleen Cardenas,8,Nelson,62930-000,-1298051000,$67248.79,$68640.39,5048376938241905,1237
Elianore Grisenthwaite,90542,Morningstar,,897626890000,$77314.07,$35174.14,5048377657752387,8692
Margy Bastard,37551,Ohio,,508248362000,$66530.68,$8841.77,5108750875421372,9299
Tove Dymocke,6217,Marquette,,485488022000,$48400.39,$92573.13,5048376811884359,5738
Margarethe Derwin,699,Hazelcrest,4023,58626253000,$29712.26,$12533.42,5108751800811778,1337
Phil Backshaw,7804,Lillian,64701,324550898000,$87387.14,$86964.45,5048376310387193,6251
Jourdain Jakeman,5,Moulton,946-0054,879801057000,$39531.01,$2181.86,5048379525433331,7400
Omar Heggs,31,Dexter,,-553875461000,$39452.62,$91368.54,5048375041956607,8079
Harriette Snoden,270,Clemons,,1229068542000,$90507.91,$61902.79,5108750024650590,1316
Hamlin Braunroth,882,Kropf,91539,365065810000,$66149.81,$62471.71,5108754480503962,5563
Carline Croke,24572,Forest Run,07505,1301107519000,$13851.41,$68044.71,5108759647619817,2874
Janot Tollow,9307,Cambridge,,916140718000,$53531.79,$69503.82,5108752337955807,2731
Armand Jentet,5,Northport,38280-000,464906082000,$99055.31,$7474.74,5108750491769360,8119
Viviene Guiot,0061,Sachtjen,,254808504000,$36613.62,$58277.03,5108750650509268,7628
Verene Stubbe,319,Golf Course,,182412491000,$33931.08,$50331.68,5048378748626143,7758
Tamara Dreelan,93,Brentwood,141850,1376423222000,$71199.19,$36883.52,5048379103003076,3144
Marion Pettengell,9889,Sherman,,1309336619000,$85715.26,$99914.17,5048376180158682,5421
Launce Adair,776,Doe Crossing,SVR,334213391000,$98726.83,$20184.80,5048376310233090,9537
Smith Willcott,163,Algoma,,1075187781000,$72508.11,$52446.62,5048376960068945,8558
Tatiana Espinosa,456,Emmet,,1448547430000,$96064.11,$2252.16,5108751736062074,2310
Hashim Pick,947,Bowman,48970-000,-113317564000,$78308.08,$76202.03,5048379926546087,8501
Alejandro Held,0,Manufacturers,35000,1243341464000,$80743.21,$43656.08,5048372166415782,9943
Keene Ablitt,20643,Reindahl,507037,-323709596000,$95165.19,$91786.84,5048374841794243,1259
Edita Addey,96311,Jana,331 01,-57179824000,$38066.09,$65834.40,5048374344615945,7201
Caprice Sutcliff,689,Ryan,,-572568725000,$31103.76,$80339.88,5048372424027395,2740
Con MacKeeg,8769,Emmet,,121237736000,$92770.75,$51979.02,5108755848940762,2456
Chrissy Bonney,184,Scott,44-373,708737908000,$61002.71,$10473.34,5048375821401378,8015
Brooke Hitschke,027,Buena Vista,563 01,651617587000,$60586.95,$18730.36,5108751793030618,5938
Cecilius Germann,7081,Hauk,,-452045725000,$63368.19,$40227.12,5108751503767657,1087
Onfre Mizzen,4284,Londonderry,11558,1000848306000,$91442.30,$81998.50,5108757261623545,2255
Jemie Attewill,24,Service,,-432653205000,$83444.86,$14585.08,5048375825726804,9157
Cristabel Eilhart,6467,Portage,4575-069,-133011643000,$91538.80,$29188.15,5048374256664915,8319
Darnall Crowcroft,9149,Stang,,-193888732000,$89758.19,$46458.63,5108759733342191,2206
Hinda Haxell,5518,Hovde,,665171163000,$18352.70,$2644.65,5048377549880198,3398
Hermina Evanson,90077,Utah,2389,876416234000,$79380.65,$28011.14,5048377414825906,8489
Godard Keggins,32100,Bonner,,-591171826000,$44057.16,$52131.41,5048378731710144,6897
Chris Spiteri,7,Twin Pines,,667639502000,$31565.51,$63937.18,5108751897113849,5251
Padriac Wagon,0,Calypso,,631302701000,$27044.24,$22338.82,5048373173699111,1386
Wells Wilkins,45549,Kedzie,93726,1493787016000,$2804.80,$21707.92,5048371694995018,1484
Susana Haynes,16,American Ash,2776,69757702000,$63230.21,$94748.37,5048373386635761,1355
Edmon Fazzioli,1,Meadow Ridge,2715-217,-573893370000,$15482.78,$5111.30,5048372637084217,4410
Ange Arnot,05,Pankratz,592 31,1059420332000,$81718.83,$14591.45,5048371398029999,2840
Cecily Ruthven,20357,Eliot,,-41295631000,$17308.31,$82925.38,5048378337163979,4425
Yevette Dominichelli,90,Golden Leaf,,278337407000,$76243.53,$91721.44,5108752862580780,7757
Osbourn Bramich,816,New Castle,51250,747350830000,$29601.59,$44521.69,5048377839289480,7695
Nadeen Haggard,52492,Shelley,,1374382117000,$28645.20,$81830.28,5048377830531666,2053
Abraham Lortzing,3324,Hagan,97670,224752567000,$64197.82,$23794.04,5108757525654021,7621
Jareb Jarvie,2676,1st,3171,1376333661000,$89899.68,$97055.34,5048373956709707,5127
Lacee Ballantyne,6,Mendota,38816 CEDEX 1,346207630000,$37822.79,$11494.82,5048370155715352,8248
Yasmeen Hartles,27,Eliot,,211084012000,$87957.77,$13049.20,5108755148547598,2162
Jermaine Duddin,7,Roxbury,87030 CEDEX 1,871286242000,$37447.37,$92081.60,5048373576059798,4857
Adella Kristoffersen,32101,Jana,326-0036,313758523000,$1333.51,$43835.14,5048370108593443,3621
Colleen Harmstone,145,Manufacturers,,252827550000,$79488.68,$40797.98,5108756162406448,8245
Danyelle Reiach,12,Thierer,6217,1273429268000,$28930.80,$33039.77,5048371872995145,6960
Lucy Fewell,396,Petterle,,909903596000,$27763.80,$37444.87,5108754526047875,9948
Alix Finlaison,2,Basil,56404 CEDEX,550374750000,$86132.33,$30432.38,5048379396963176,1165
Drew Fishlee,0,Jenifer,3017,-498086415000,$44245.39,$3961.64,5048373747004400,3292
Leland Benbrick,836,Loftsgordon,,-360479727000,$6845.86,$92720.96,5048377933679701,2249
Leese Foxall,1530,Oak,,1132816313000,$55001.29,$4939.32,5048371635728924,4370
Jabez Antunes,1,3rd,,-455575380000,$46865.73,$66982.26,5048375710935890,2511
Raf Lindbergh,36,Oakridge,,1190754445000,$19190.09,$37417.86,5048370794309252,7378
Giacinta Wilshaw,150,Esch,42-454,1171684284000,$24169.15,$24616.24,5048378953813204,3920
Bar Stevani,353,Carioca,,1401605730000,$24568.60,$73995.44,5048370747447340,4138
Guillermo Drakard,003,Northridge,,178406548000,$78412.69,$55365.26,5048373946502204,9454
Sheila-kathryn Vido,8130,Comanche,2715-217,1478230261000,$78515.98,$39400.58,5048379656706570,7352
Fitzgerald Halkyard,455,Marquette,798-1354,233923166000,$77268.94,$1822.52,5108752206119238,5713
Ransom Chumley,9576,Wayridge,2436,662596234000,$31219.21,$68778.00,5048379240186438,4883
Sal Hardacre,568,Scoville,1706,1589187386000,$78669.52,$62433.63,5108756198766765,2546
Bondon Horlock,5373,Colorado,,-316298103000,$30140.99,$85601.18,5108755761342483,4059
Emylee Warsop,44,Forest,,256170289000,$24404.28,$68857.40,5048373306074489,8635
Channa Marle,632,Dahle,613310,148051289000,$15498.00,$43039.38,5108755810084391,7858
Gerhard Caddell,36,Magdeline,2240-340,-135794105000,$15704.11,$48327.54,5108750827272345,1925
Sarette Droogan,4622,Loeprich,522068,890156113000,$99297.47,$98463.88,5048370780249678,8125
Shaine Bellingham,09,Muir,,-146033373000,$48520.52,$69802.00,5108754214204887,8795
Tessy Vel,7,Fairfield,056478,1135592718000,$84849.33,$25876.49,5108759812125004,4005
Maximilien Brooksbie,3286,Hintze,,1381990026000,$90067.53,$98516.21,5108756711786332,4670
Lina Kneal,0262,Riverside,4615-178,1233237532000,$36012.61,$85946.29,5048375893771807,2124
Jorie Ellicock,259,Hanson,,377259187000,$29542.15,$10440.43,5048372218029029,4193
Laetitia Fantin,1,Ronald Regan,2560-234,-312084431000,$87451.28,$88834.56,5048378709031200,9495
Ellery Schleicher,453,Sachtjen,143 31,797561385000,$91502.31,$43980.07,5108759156135460,2687
Flem Bleesing,98,Commercial,,-406485807000,$46736.30,$47411.49,5048374418695773,8676
Paolina Crowley,52909,Toban,75509 CEDEX 15,747564753000,$21223.66,$58512.32,5048378174911993,5817
Petra Pinilla,699,Morrow,652577,1588454352000,$63655.75,$73756.79,5108754185192194,4076
Claus Vickerstaff,54,Havey,,813193029000,$80181.95,$64735.13,5048371440024717,8255
Cameron Markl,896,Kingsford,,855618989000,$14078.41,$70618.76,5108755465394764,2140
Alain Shilleto,2,Rutledge,,1508194013000,$24815.19,$85160.66,5108757045577181,6879
Nani Deehan,67617,Westport,16130,774124880000,$96856.44,$73098.11,5048373162397214,3202
Harlen Louca,1216,Norway Maple,39100-000,-230827275000,$40265.74,$56888.70,5048371583226848,2716
Kial Thacker,77,8th,3270,-292153448000,$23052.54,$29537.76,5108753683261220,6155
Ruby Downton,7344,Claremont,75500-000,10253709000,$33837.33,$27741.63,5048375553398131,6301
Odille Lindstrom,34,Nevada,,248118766000,$49205.73,$31923.29,5108759402132477,9601
Cart Kattenhorn,88844,Macpherson,,647838965000,$58040.96,$99283.71,5048370894382803,2685
Reggie Sine,3404,Cascade,31119,417997765000,$93273.74,$35527.46,5048376289398205,4822
Savina Tenniswood,289,Lunder,32-503,1081770541000,$14844.24,$64069.30,5048372653878450,8365
Fiona Triswell,406,Leroy,,512337263000,$79741.90,$58999.22,5048373172622890,5428
Randolph Pike,4,Bobwhite,257 22,925792305000,$40898.55,$2115.09,5108750853891364,6313
Pauli D'Angeli,029,Londonderry,,853100949000,$55379.66,$17468.45,5108755621027951,7743
Zabrina Peevor,4,Meadow Vale,,-343813731000,$74960.86,$60996.46,5108752962120404,6352
Berton Nazer,546,Fallview,27260,814681993000,$20175.65,$80353.61,5108756452146480,8102
Jourdan Doyle,807,Messerschmidt,,57190658000,$54200.84,$69874.15,5048370363096314,2842
Lind Witz,9242,Walton,791 26,-408067714000,$56422.33,$22872.07,5108750861079218,4911
Martie Locker,0,Ryan,60160,429022672000,$95297.51,$47764.12,5048379767634018,9163
Peggi Canas,5745,Sullivan,,1040562764000,$25943.73,$91341.06,5108755353131773,8145
Krystyna Bagenal,9049,Buell,,1464164279000,$29812.49,$56368.94,5108750992645770,9241
Adler Vamplew,8983,Buena Vista,,84414291000,$26629.90,$21402.80,5048372531893234,7943
Yardley Gronous,9867,Straubel,674250,211172349000,$46933.63,$23780.82,5048379187158044,5833
Nissa Bonhomme,942,Gerald,,1512985688000,$97851.28,$58968.22,5108751936989175,5195
Phineas MacIlriach,8499,Hansons,,80773525000,$62995.03,$17218.07,5108759110608123,6039
Tracey Bessey,72,Reindahl,,1227875211000,$45618.72,$79491.85,5048371308150976,3060
Gerrilee McCoid,38860,Granby,6714,1507634526000,$10802.68,$59196.51,5048373345283661,2889
Ebonee Rosenthal,0020,Esker,,1616036237000,$41686.50,$82452.13,5108752372397089,2082
Katine Crolla,99041,Novick,2390,510348174000,$40330.02,$94954.11,5108756872847147,2373
Rosemaria Payn,0,Dawn,11009,548010666000,$87605.60,$39957.27,5048376898662371,8393
Nolan Aindriu,2,Mitchell,,1195981651000,$49528.70,$62076.12,5048375774682297,6560
Sue Snaith,66,Sycamore,,-346463324000,$7307.81,$32781.89,5048370760671339,9207
Celestine Barock,073,3rd,,1621707428000,$82263.52,$39025.83,5108759399468256,8215
Robby Alvar,26799,Veith,34-232,-204133308000,$55327.68,$95919.32,5048379507591890,7588
Lyndel Pharrow,1795,Graceland,,35510939000,$86347.73,$39358.30,5048376143975867,3468
Hunt Stang-Gjertsen,4471,Sachtjen,141662,654684814000,$2862.21,$68209.20,5048373673113217,8848
Erminie Gonthard,88395,Red Cloud,79260-000,159970691000,$56295.01,$80293.78,5108754448229957,3756
Giorgio Creenan,65292,Sycamore,54015,-6646573000,$3533.62,$86169.57,5108754843000656,3041
Priscella Alibone,5648,Dunning,,1071421047000,$84983.15,$73044.28,5108750361992571,3864
Jemimah Weblin,5,Spenser,,-17033616000,$48791.92,$24678.96,5108758653208788,2208
Aluino Geydon,239,Saint Paul,,407332466000,$11094.41,$13879.33,5108755379458218,2562
Selig Antonat,96528,Clove,44302 CEDEX 3,786993064000,$50862.01,$80241.55,5048379977165647,2580
Imojean Ringham,0076,Shelley,241904,139918322000,$98805.44,$38632.97,5048379861060656,8339
Bret Maccraw,18,Ludington,5284,168577435000,$68993.30,$70494.97,5108759474272102,1612
Yance Elleyne,85572,Alpine,62130,109978723000,$10629.85,$25928.71,5108755077888153,4850
Corenda Morley,04,Hazelcrest,,190331447000,$221.67,$65348.82,5048379989076717,1358
Adria Ormrod,5,Vidon,,716064763000,$39752.08,$74704.40,5108759789884252,7396
Parke Seniour,1,Pine View,,-73782209000,$87831.46,$75071.48,5048379193188548,2725
Eleanore Brummitt,650,Morning,88300-000,1328053850000,$55891.33,$20801.13,5108752939381303,1773
Yankee Caldicot,73,Delaware,,-267711352000,$4435.87,$42905.01,5108752074702677,1183
Baillie Burris,88,Forest Dale,6332,295613074000,$41706.68,$75224.05,5108757244490350,6195
Christoph Rampton,299,Mayer,3260,-210219736000,$49432.93,$83781.22,5108751635455247,7906
Levi Lurriman,6360,Lerdahl,,457712098000,$55422.06,$94250.81,5048375494007619,9685
Florri Starten,9,Derek,,288024881000,$4803.69,$79411.69,5108752099616555,7992
Rayna Petroff,2,Morrow,97600,-228918545000,$66605.79,$11782.04,5108757123978368,6755
Kissie Doumic,4,Gulseth,30130,1279647938000,$55242.15,$55737.48,5108757971460360,1361
Brandon Leele,35465,Rowland,,494809544000,$55578.37,$50986.34,5108758605331852,2623
Ed Haskett,56456,Novick,392 30,1305520134000,$56399.04,$42245.96,5108756379855106,2503
Vallie Schusterl,5221,Debra,68420-000,-102934051000,$78265.15,$32300.79,5048374258207705,4518
Grace Waudby,21,Amoth,,251053106000,$27236.87,$5985.94,5108754174950420,9245
Jethro Wais,49,Hudson,,-465001637000,$92253.60,$54884.19,5048370265633982,7031
Sydelle Wynn,588,Debs,,-428209436000,$91031.59,$60499.31,5048370040182214,4561
Val Norsworthy,14571,Spohn,29100-000,900109214000,$10059.78,$17966.87,5108755289464231,3471
Hanna Kubiak,5942,Randy,,-581043943000,$78415.98,$11798.84,5108750586360158,5002
Barthel Stuck,01993,Amoth,85877-000,1028571264000,$69546.65,$2739.84,5048376849274813,9625
Haily Tidd,12,Sunnyside,,686588234000,$5516.28,$64540.69,5108751341977161,7919
Edgardo Orwin,63336,Blue Bill Park,MD-5840,1577592775000,$92184.57,$35637.23,5108751475415574,4380
Michaella Burnham,0,Holy Cross,4274,883092301000,$12317.97,$16436.51,5048374703476129,4253
Graig Stigell,260,Corben,,949209760000,$74024.56,$1527.78,5048375949592223,3919
James Ceschi,29,Miller,,-16443086000,$4484.22,$90801.11,5048379658244257,1951
Dunn Presswell,93,Anniversary,,1611748514000,$12920.63,$88857.99,5108759321768070,3597
Camile Mc Combe,4,Hanson,,1341468702000,$55808.95,$99381.80,5108754186502839,8241
Moishe Budgen,00963,Ryan,,-433448674000,$42216.85,$38361.41,5108759400960531,6347
Paolina Deave,609,Upham,,1166130027000,$13870.47,$47920.28,5108753646218697,8169
Rodolfo Nealand,1124,Village Green,,290325890000,$45260.74,$57182.41,5108758404425558,6921
Lazarus Giraudo,51,Vahlen,,737888664000,$52394.00,$22119.07,5108759520513087,2081
Chicky Dobbing,65,Calypso,,409756283000,$32427.62,$74067.06,5108758465023409,2292
Gran Elmhurst,91129,Banding,05-092,-82963685000,$36547.74,$67855.94,5048372659568089,4061
Killian Suscens,32,Trailsway,412478,824850763000,$6076.96,$72052.81,5048375918888487,4986
Arther Spavon,1,Maple,07-407,392227804000,$84503.92,$62110.76,5108752601361419,2560
Linnet Linner,94929,Summerview,,-424180161000,$35353.39,$35734.75,5108753671120800,8390
Nissie Quelch,27192,Kensington,1814,673323009000,$77306.00,$30015.04,5048370063545917,2037
Dominick Dayly,478,Logan,5470-206,-170387627000,$63336.83,$82753.34,5048371271371302,5375
Orelle Persehouse,1,Raven,142720,1484321980000,$43546.28,$28404.86,5048373968846927,6311
Annalee Klyner,7740,Lillian,739 39,-364783163000,$9334.32,$29989.62,5108756240604808,3940
Riccardo Danahar,76,Del Sol,,-326920936000,$6068.63,$19244.72,5108753959518170,6533
Modesta Kusick,34,Lien,,-293644788000,$18742.99,$76483.45,5048379380172370,9900
Klarika Milleton,8424,Hoepker,,839440707000,$51772.13,$32377.48,5048376600601790,2779
Forester Surr,78008,Bellgrove,32-020,1110387740000,$95999.74,$71643.91,5048376631831093,5939
Melamie Dales,048,Claremont,1495-048,1115605646000,$19836.26,$99289.46,5048373221710084,2016
Sigrid Blackley,6,Armistice,92545 CEDEX,306051117000,$15226.22,$73183.45,5108754991074628,6830
Birdie Walstow,728,Little Fleur,,544506535000,$73647.51,$18191.17,5108751925363341,5501
Donny Bazoge,4012,Main,855058,1007958030000,$13028.87,$63802.04,5108757195860213,4478
Finn Offiler,5,Esker,,1629027395000,$90543.17,$77423.47,5048376626135831,2326
Philippe Voyce,54,Loeprich,70000,101959845000,$77896.83,$35682.32,5108754531469288,2958
Ainslie Balchin,2207,Morningstar,,111684657000,$13245.09,$37085.22,5048378093192055,6283
Valentina Haseldine,4479,Sloan,,648551819000,$43928.11,$86770.39,5048372115015196,2125
Harlin Lehr,76681,Thierer,,157414576000,$67997.56,$34194.39,5048370651396343,5050
Bran Ridgedell,6,Vidon,87-721,1022297409000,$94469.63,$84505.95,5108757721484389,7151
Park Childes,13797,Clove,,126493731000,$45501.20,$53138.54,5108753615700832,8829
Emmott Strode,445,Randy,,-78969928000,$68245.52,$17006.70,5048377010164361,9478
Mame Davidovits,00,3rd,,562501423000,$32541.34,$78827.15,5048377089572346,3947
Ginevra Farnes,6,Havey,22820,-198066511000,$7861.64,$27325.55,5048378213703831,1759
Jaquelyn Giffen,94,Hanson,,217455900000,$60941.72,$4132.98,5048378661640121,3731
Genni Chaffer,4,Grim,,1401492349000,$40493.53,$31825.29,5108756617831422,4016
Mozelle Thurby,0,Kropf,,852793254000,$4117.10,$43511.98,5108753137489450,5941
Kelbee Buckwell,07497,Tennyson,,805217577000,$11409.82,$19312.90,5048371638812048,8359
Hugibert Elphee,0334,Sundown,3702,-239029575000,$29709.51,$45130.18,5048374676948385,3346
Michell Pogosian,1670,Bunting,142717,1168943890000,$48125.40,$16690.64,5108759635762041,4133
Bing Brimblecombe,91671,Iowa,,480282537000,$8764.38,$10734.32,5048372618041376,5714
Marta Dower,4,Red Cloud,,-255522913000,$52477.47,$49953.77,5108755344028856,2478
Prudi Fiddler,62948,Kropf,,1036728601000,$12195.57,$4502.48,5048374116710635,5184
Kirstyn Juden,34741,Lakeland,,1552922617000,$63941.92,$40522.19,5108750546636416,3049
Hardy McIlreavy,038,Canary,,-434267954000,$65889.02,$74196.87,5048376822976152,7245
Mitchael Connachan,3564,Prairieview,,647357383000,$44158.03,$45175.13,5048370707836797,7537
Sly Learned,54339,Oneill,J3T,1586779623000,$55783.46,$79977.60,5048373185193426,4106
Therese Duffell,9,Gulseth,44320,1516479800000,$67450.40,$56201.80,5048379016454051,4339
Doug Downing,300,American Ash,,1030617375000,$22368.53,$75229.19,5048377618263128,2820
Leigh Redmond,24348,Muir,,-100287627000,$49617.02,$24243.89,5048370397010265,4311
Dredi Eassom,083,Arkansas,,958291932000,$35430.73,$93026.41,5108756500902173,5134
Evelin Surgen,6,Onsgard,,-514978463000,$28519.51,$1415.89,5048374686163280,7027
Wash Posvner,92865,Pennsylvania,69265 CEDEX 09,-203314079000,$44657.91,$19558.87,5048372433315419,8965
Vilhelmina Mohring,319,Kensington,,1061098213000,$71788.61,$65233.10,5048378487355995,3147
Rosabella Finlater,488,Hanson,96910,-559546126000,$21364.71,$22495.82,5048371925296335,1563
Chic Tremellan,14,Mayfield,,-116536054000,$48934.78,$35952.12,5048377975409181,4762
Misti Leyre,59886,Raven,,1135454101000,$92862.21,$29005.65,5048375643572497,9399
Molli Drewes,5811,Hoffman,06550-000,690337584000,$10256.23,$68295.92,5108751412124396,5454
Anthiathia Bodesson,3023,Norway Maple,,1354473225000,$36746.45,$60917.63,5048371081896381,4302
Elvera Morshead,5,Lillian,,1092465237000,$8212.88,$77802.62,5108754835637978,4324
Terrye Audley,42,Stephen,,868941594000,$69668.23,$55210.36,5048379004161189,9709
Carlee Raistrick,81,Buhler,,1372684180000,$96139.43,$33361.48,5108755160076039,8634
Garrott Sherred,104,Rigney,,-159790044000,$34829.92,$22022.30,5048376941271212,9849
Coriss Manlow,54734,Thierer,,1397584825000,$26894.21,$26643.28,5048371649524996,5840
Tybi Ashton,59,Melrose,,970372452000,$1557.98,$13876.40,5108750087186706,1061
Leah Ridd,8061,Main,,1213390194000,$37429.86,$41607.08,5048373575464627,8929
Biron Kear,1831,Little Fleur,709-4306,1387792743000,$46755.17,$3331.91,5108752628063683,8581
Lisabeth Pagden,6489,Blue Bill Park,5420,1320940754000,$2963.86,$29389.77,5108759110502144,8903
Marcelline Skellern,34,Huxley,0031,170704418000,$33353.37,$53676.03,5108750102933421,8281
Skelly De Courtney,988,Crownhardt,,1359941211000,$34124.33,$17907.72,5108759500367470,1280
Van Chieco,853,Center,,1185492378000,$55223.81,$67750.24,5048375756657275,6433
Frances Mealiffe,6,Lunder,,166130966000,$96183.38,$94430.16,5048377327100058,3628
Noell Beaulieu,01,Bluejay,,287772288000,$76155.55,$91373.49,5108756309881834,6761
Tildie Alekhov,4,Portage,,-33186625000,$29729.91,$86122.79,5048379553661472,8086
Calv Mathan,4530,Hollow Ridge,,1487015670000,$73005.17,$82039.60,5108750187229380,9433
Dinny Vigar,608,Judy,852058,1462844429000,$68688.62,$33334.34,5048374215123102,1690
Evan Swigg,36,Straubel,,-150941483000,$39152.61,$45665.57,5048370002964245,7603
Kennett Mizzi,0,Grover,,241670163000,$20921.32,$48182.28,5108750463263640,6459
Catina Grigor,338,Ludington,,568766077000,$54642.59,$47827.18,5048376998451345,2442
Bernadene Foxall,72,Village,77554 CEDEX,-475105572000,$41639.67,$76369.86,5048379295176383,5560
Julian Ipsgrave,68939,Straubel,2599,537451771000,$79284.29,$69450.01,5108757927385232,8847
Denys Beauchamp,5,Bellgrove,,847415645000,$94540.82,$36999.51,5048376868214914,2230
Bernelle Gylle,881,Stuart,9600,-108118579000,$73250.79,$61990.93,5108754833830773,6756
Morna Nozzolii,34,Walton,69300-000,-520164297000,$11526.04,$985.83,5108751015336272,5993
Meghann Lindgren,791,Kenwood,,214687957000,$4238.29,$80762.15,5048376210766041,2673
Adora Royden,95938,Melody,,714750977000,$56982.59,$91014.28,5048379795199356,5323
Elsworth Kohrsen,0582,Thompson,,1585802432000,$9722.90,$24039.00,5108756881460882,4426
Lindsay Kornousek,859,Fairview,33499,1281442582000,$26677.18,$80460.13,5108752648273791,8640
Dexter Stodart,1424,Aberg,155334,1182663356000,$83297.66,$43229.30,5048373958564936,5836
Shanie Dami,8,Packers,8420,562054663000,$687.16,$26100.91,5048374959600117,6827
Shaw MacRory,852,Merrick,,1430832249000,$40387.42,$44353.99,5048373539259402,5377
Cole Bransdon,29,Transport,J6W,1114859862000,$3652.29,$47500.33,5048377374232671,3938
Raine Doers,21,Bellgrove,,511524445000,$35185.25,$29504.46,5108758023036505,6606
Raymund Crippes,985,Delladonna,7023,27628440000,$27506.08,$96699.26,5108757443207803,7247
Moreen Renachowski,3,Eastlawn,,281433238000,$63094.21,$10237.39,5108754072908793,4427
Kimble Grodden,95,Di Loreto,,-354246932000,$18913.80,$70533.75,5108751457161154,4645
Vina Tall,47,Lyons,6612,273137096000,$41861.24,$59270.52,5108758320566188,3961
Kora Kondratenko,6793,Jackson,,1364519166000,$98833.42,$21508.70,5048371245702103,6139
Pearline Khilkov,0246,Nobel,923 24,-506310030000,$33202.80,$65956.60,5048370061839023,2333
Elianora Buckhurst,140,Corry,,398713468000,$79980.66,$98380.67,5108751261537045,8771
Rurik Bernaciak,82947,Cody,,1099159150000,$4371.29,$5280.05,5108754709659983,1609
Rodolfo Beresfore,24797,New Castle,,52246529000,$55511.83,$59118.12,5108758236233261,4554
Wilie Edgcombe,31,Toban,,830149825000,$48916.39,$31387.75,5108756039826505,8823
Ellissa Crabtree,950,Menomonie,,-233434803000,$14574.34,$78946.59,5108752642570325,4805
Clarice Rickardes,038,Northfield,95-010,413853027000,$46637.90,$78330.66,5048378527263670,8367
Gabbie Alchin,2,Fairfield,89862-000,12375007000,$85827.29,$47932.76,5048377057507597,7648
Selby Faro,070,Main,J6V,937415980000,$64571.71,$7445.44,5108759136218329,9620
Ariana Pesic,11116,Cottonwood,,485837724000,$66154.19,$88799.20,5108759286474730,2220
Dionysus Perree,7222,Arrowood,,1482691608000,$29852.37,$57146.24,5048379520841579,5796
Christel Guirardin,70,Orin,2971,1309976403000,$48007.65,$97746.23,5108750682562434,1007
Vernor Harcus,1,West,M34,1566374637000,$24351.79,$60523.95,5108753162922268,1814
Nance Athey,310,Bobwhite,052038,962883311000,$16428.80,$3389.04,5108755537520099,9615
Estell Atton,1573,Mayfield,,-47369848000,$57590.53,$57520.88,5048379356317900,1774
Winfield Nijs,38,Helena,2425-823,-328686712000,$18776.51,$14349.53,5048372270869452,8798
Elene Dougal,84001,Kings,,1510237129000,$89661.48,$84172.57,5048375727095738,8705
Mickey Pasfield,0667,Reindahl,94250,-484782799000,$90127.74,$2245.19,5048378630701848,5300
Kassie Edlyn,969,Crescent Oaks,,1276123318000,$24249.56,$91143.64,5108753570707186,3530
Betsey Philo,59,Dovetail,5406,483987904000,$7459.65,$11745.50,5048371612387652,2387
Chrysler Arkell,8048,Amoth,,268243706000,$14546.37,$62056.48,5048373507429631,3063
Winn Ethridge,7,Kenwood,94264 CEDEX,143118592000,$85364.10,$72944.77,5108758145400936,4395
Olivia Sambidge,6,Norway Maple,,452870368000,$64402.22,$90907.65,5048379345752423,2516
Titus de Savery,70920,Grover,,1188705450000,$96557.79,$11781.15,5048373799968981,7153
Luz Cawthra,51117,Vera,184421,1075045113000,$89418.34,$78575.61,5048374667624722,5384
Peri McGibbon,99,Scofield,4715-529,1566895878000,$52474.96,$44144.46,5048374397702335,7969
Elsa McMychem,22193,Farwell,G5B,1334324273000,$51103.22,$24573.88,5048377592514421,7549
Boy Glanton,29,Red Cloud,,-568403083000,$89840.63,$4763.91,5108757803743827,7791
Shae Meneyer,0343,Sage,,13569887000,$58359.91,$96758.29,5108754899495891,4386
Arabele Janczyk,8,Springs,,705134731000,$11936.38,$12146.59,5108752667919217,2259
Gerald Hawksby,5098,Holy Cross,,479397144000,$86317.67,$1935.21,5048374333287318,3368
Appolonia Guthrie,7,Village,05-270,327482166000,$3901.98,$78541.29,5108751535536559,3703
Daryl Coslett,90557,Farmco,,990349457000,$78895.87,$55555.11,5048372238822320,8542
Gabbi Warrior,06,Donald,593 01,-34454000000,$50145.68,$42714.58,5048376846393467,4230
Travers Rosendorf,7,Summit,,-611000201000,$21202.57,$54912.29,5108750723164406,4494
Drona Roebuck,76910,Shoshone,93380,118934144000,$1239.51,$10038.27,5048374419241676,5572
Antonius Bolingbroke,30,Anhalt,0512,388940068000,$90372.69,$2044.26,5048376906605354,4973
Sari Trimble,98658,Stang,,-611132195000,$85919.74,$33939.52,5048373446481511,8834
Grissel Handke,5,Blaine,347395,475487039000,$99689.43,$65494.19,5048370562070136,6821
Rickard Heard,48,Forest Run,96450-000,861538204000,$35315.82,$20506.21,5048379038519675,1188
Allen Gregoraci,215,Crescent Oaks,2283,1093656027000,$8138.68,$42902.09,5048379485279534,9226
Porter Slite,56,Farwell,,-173287916000,$78281.83,$11999.79,5108751703576056,9060
Lenee Dorsey,7342,Eagle Crest,259-0318,672080883000,$72165.98,$10150.15,5108750083688705,2629
Rainer Eveque,81381,Hanson,8410,-115762212000,$76552.88,$72163.30,5108753591801877,3823
Karlee Vallow,558,Hanson,,1402698762000,$69868.15,$68561.17,5108750353126576,8997
Carver Mattheeuw,9,Superior,733558,553369912000,$16395.98,$81814.56,5108758149247853,9318
Hazel Linkie,17625,Main,,1540132062000,$43669.26,$46143.55,5108752782587725,1578
Charlot Kadd,4745,Muir,142507,-399548449000,$12931.16,$95110.22,5048373736530316,3084
Dru Maylam,63927,Loftsgordon,,7668424000,$65695.48,$56624.06,5108754812878470,8721
Beryle Runham,2,Bowman,,891169091000,$29045.29,$46107.17,5048379270383467,8210
Dulciana Bayley,5,Dakota,09-142,-12481589000,$19317.55,$39937.00,5108755768021221,9638
Bernie Milberry,961,Red Cloud,,-64642416000,$57660.96,$36207.01,5108755975323956,1080
Jean Berzins,70746,Thompson,,357373553000,$89839.83,$43897.42,5048372249983525,8635
Devlen Jacobsen,6,Little Fleur,,1085775270000,$65653.58,$92097.61,5108750671148054,7950
Udell Gaynsford,66,Mayfield,,1135714450000,$29007.65,$68524.84,5048375240812536,7851
Maxy McClymont,4,Oxford,,913757479000,$53011.46,$67334.36,5048372987240443,5246
Connor Franchi,6587,Fulton,0472,11792526000,$75153.53,$64729.52,5108757751263976,2183
Ula Yukhnini,89853,Autumn Leaf,331 41,-51889836000,$4222.47,$60485.64,5108758506632705,3036
Kristyn Calderwood,82325,Corry,,272482290000,$48132.70,$32057.67,5048378302238285,3219
Vonny Weatherell,45210,Myrtle,,881841131000,$55070.38,$20495.21,5108752383158116,1512
Ardelle Boom,920,Hovde,,1267297081000,$98715.58,$35738.99,5048376126042750,6741
Cheslie Pagram,2612,Golf View,,-62999389000,$63457.02,$4460.40,5048376609130858,9886
Beale Fisby,228,3rd,,1106090417000,$30841.62,$24329.93,5108755340568525,5190
Leonerd Cathee,31,Golf,9416,1407151219000,$67273.60,$13507.44,5048375599018156,4914
Mignonne Doerren,15943,Hauk,7209,1158757068000,$10230.38,$37487.89,5048378526356673,4522
Evangelin Pagram,060,2nd,,866716289000,$43795.92,$84629.07,5048371873709123,1451
Rona Dacks,0969,Green,696 62,1235292974000,$63965.87,$47576.96,5048374696735176,4946
Patrice Beavan,1298,Tennyson,,1386440025000,$23080.29,$7572.81,5048376030520792,7435
Magdaia Shuxsmith,695,Eagle Crest,,-123977799000,$93372.44,$33329.51,5048378014710803,8538
Bealle Rubanenko,93,Melody,692608,381676838000,$65495.57,$96766.69,5048372569298264,1517
Darci Hunn,63394,Colorado,5150-015,809340720000,$27673.42,$17182.84,5048370066537317,1151
Gena Samme,64869,Rowland,5608,1560105817000,$46827.71,$92630.41,5108753542653146,4716
Kimberlee Guyonnet,1,Washington,,1601363292000,$8487.58,$4363.93,5048370468256060,3204
Nelia California,56,Hintze,303720,-272090943000,$96856.04,$41981.11,5048370949890933,8364
Lyndell Measey,6771,Carey,802 85,122231918000,$92716.25,$66216.60,5108759347023369,9730
Nevins Scroggs,48561,Northwestern,27120,712571960000,$6345.78,$29097.89,5108756655413620,5965
Gunter Dyet,68006,Straubel,,-136596901000,$67917.41,$1731.95,5048375986717188,5103
Ashley Carbery,38,Warbler,,1618643722000,$87721.88,$59295.44,5108755326594586,4530
Konstanze Corran,01104,Fair Oaks,42700-000,667234519000,$89548.67,$11745.60,5108750599217643,7642
Bernarr Scholl,0549,Hoffman,613840,910901845000,$14353.35,$49531.48,5108751664083217,3818
Meagan Glynne,559,Linden,,617038120000,$6942.46,$98687.64,5048370644671158,1365
Vinny Wormstone,0302,Mariners Cove,55810-000,1419389831000,$7013.49,$44878.21,5048379804323385,9574
Florida Grainger,5,Beilfuss,,1618548552000,$35245.79,$88493.80,5048374533015022,8090
Gaye Grafom,76,Cordelia,,415626264000,$2144.16,$18723.12,5048375682363253,3741
Emylee Losbie,5,Harbort,,752924690000,$44961.61,$82103.19,5108755618491418,9713
Gordon Kernley,249,Rockefeller,2840-707,384890660000,$95953.68,$87719.17,5048371675111148,5014
Caria Oris,802,Sommers,06004,-575815906000,$89209.11,$89813.91,5108756154068966,3712
Micaela Rowntree,9908,Eastlawn,59055 CEDEX 1,631211236000,$1653.81,$29829.34,5108754101093567,1270
Roseline Lorey,29,Debra,,747374091000,$41470.48,$87184.98,5108754393489754,4325
Beverie Goch,8013,Morrow,,1404864251000,$91972.47,$25432.69,5048373550870640,2491
Consuelo Navarre,84428,Browning,11247,823287593000,$50900.61,$75481.33,5108753981386208,7380
Brigitta Giraudot,47,Cottonwood,1041,-385695517000,$47009.52,$3146.95,5108758472509887,1056
Alyson Cowin,2252,Fisk,,421772376000,$68118.16,$44740.90,5048370272170770,7513
Caresse Rust,233,Roth,,1406375476000,$32279.88,$71923.79,5048375343854229,6601
Karena Bromehead,21880,Merrick,16900-000,524875426000,$14366.24,$99785.97,5048370391618253,6170
Dilly Rubes,1117,Sage,,1477598680000,$36490.42,$68626.76,5108756681598774,4654
Betteann Laundon,94904,Redwing,,226466032000,$44469.20,$19624.00,5048378512854905,1809
Bertina Fennell,133,Thompson,70374,1391015034000,$53024.06,$68685.89,5048372491333064,9660
Wildon Kintish,5681,Superior,403003,684132595000,$23709.54,$94264.41,5048372769208972,3338
Glen Speight,42,Southridge,V3A,550974872000,$48207.73,$61442.22,5108753686023262,9504
Vasily Ivanenkov,60,Fremont,6285-105,484149870000,$7959.32,$59572.01,5048375162801665,5645
Didi Coils,14,Doe Crossing,,1070688894000,$4528.76,$96815.56,5048376400718828,1653
Ainsley Carder,50,3rd,,-181371185000,$67503.52,$32659.14,5108756397151975,6508
Skye Tumielli,2218,Menomonie,,27318597000,$28270.77,$95466.33,5048377156674504,3053
Burg Cranke,5,Sunnyside,,557410997000,$49179.30,$27408.05,5048374599581099,2120
Hettie Bullerwell,3066,Emmet,27635,279858216000,$83924.69,$19453.56,5108753397791140,3084
Lanna Dineen,9,Becker,92154 CEDEX,-82166786000,$3897.03,$56710.95,5108754405750904,8178
Lars Barhem,937,Sherman,34-116,1534198964000,$8070.51,$65341.33,5108752552123339,6510
Jsandye Quennell,9,Mockingbird,4805-358,69555696000,$65021.90,$41440.03,5108752441829112,9599
Vevay Llewelyn,23605,Cascade,,797967797000,$21454.14,$29067.54,5048378107796040,8264
Micaela Robinette,00,Milwaukee,,1637689840000,$98987.33,$57079.15,5048371323637304,2759
Duky Waldie,0553,Graceland,10370,512021216000,$78117.77,$94498.44,5048373361805140,3984
Renell Harrell,2757,Canary,,-217884163000,$72400.41,$27439.17,5108754699343390,5405
Kassandra Quinion,09,Fremont,,216676454000,$88250.53,$7884.82,5048373195512854,6161
Raimundo Pughsley,2073,Cordelia,,453839530000,$75654.35,$80237.32,5048376921946650,2768
Doralia Gremain,9787,Summerview,31120,1270369124000,$45729.21,$78530.88,5108752534591595,8841
Marquita Papaminas,30,Bunker Hill,,1072478346000,$4422.08,$91154.95,5108753719922415,4901
Marten Waistall,29,Continental,,-392164629000,$59534.63,$26828.63,5048375169115572,3487
Leone Scamerden,76528,Commercial,959-1855,-553042364000,$96097.74,$57195.16,5048377800564572,8148
Willy Langhorne,64506,New Castle,6185-255,-191561572000,$73714.45,$71741.89,5108750751481599,5434
Toni Hannant,85,Lyons,17-312,-415005451000,$3282.41,$21097.27,5108758225962300,1282
Vivie Gasgarth,22857,Derek,10607,-581741903000,$42639.51,$91711.17,5108759870959088,4138
Anjanette Limming,47,Stoughton,818-0138,547137146000,$85052.36,$14581.69,5108753097403632,3517
Lion Deaville,1,Amoth,,840709294000,$67789.90,$75292.75,5048379924342257,8872
Christy Harrowing,5255,Banding,691 06,-591602443000,$16137.40,$87965.33,5048376540152227,3097
Rip Butten,6722,Carioca,96970,768828802000,$39315.72,$61004.30,5048376687481553,6508
Lorine Jeves,7,Sullivan,,-544003442000,$40839.79,$37154.07,5108753302334689,4727
Sadye Jina,4021,Springs,,541198837000,$59603.23,$24852.72,5048372013654153,7818
Timothee Bohlens,150,Bluestem,,-359257001000,$62445.35,$26523.72,5048375890471971,5240
Sibelle Raspison,7063,Lillian,84240,1313402252000,$95583.98,$67684.58,5048371615663992,5323
Karlie Gennings,14,Warbler,,-260335137000,$78452.82,$88094.63,5048376234148028,9206
Gery Duggan,97,Clove,,1084643210000,$39456.85,$58493.78,5108752868367760,3649
Clayson McGuiness,4474,Schmedeman,,356965666000,$37896.62,$29387.47,5048375462245282,3480
Anny Busch,72813,Darwin,,103636752000,$63063.49,$63175.53,5048374145300945,7984
Giulietta Fishwick,1,Hagan,,-497339860000,$33964.87,$33642.16,5048374269585248,6859
Gizela McCrae,29,Mccormick,,48098765000,$66184.15,$49969.14,5108750688964121,3282
Ramsay Dedman,01,Mosinee,78840-000,-459708437000,$22361.83,$79383.10,5108759812314871,4929
Phillipp Semiraz,0,Manitowish,,839060114000,$42131.75,$29476.63,5108753442977090,8465
Rosabelle Boothe,011,Boyd,85101,-284350943000,$91202.50,$38449.19,5048374198097950,5337
Verina Perrat,814,4th,607343,843074029000,$43311.72,$96318.02,5108751206535229,5434
Devlen Bather,0126,Spaight,,996576958000,$95410.73,$71197.74,5048378296968848,3840
Cristi Linstead,85,Meadow Valley,,-126806910000,$32615.82,$67682.82,5048373166800916,4246
Renee Brumby,7535,Bashford,,422954239000,$74922.04,$8694.90,5108758301813179,7455
Sashenka Pietersen,9,Holy Cross,33600-000,652657712000,$11699.44,$27649.53,5048370673052478,9496
Codee Bould,084,Green Ridge,38-610,787881343000,$56227.33,$68192.70,5048371691916389,7673
Emmalynn Myner,65753,Jay,347395,1120055712000,$89030.83,$90935.82,5048379748690121,1613
Corliss Gyorffy,3,Walton,30560,-614253376000,$25570.46,$84372.42,5108756692728568,5402
Louise Zimmer,8,Everett,,-615355076000,$42954.70,$5838.21,5108754673309250,5666
Barrie Yantsev,61,Judy,,73431065000,$7728.69,$89870.90,5108756569103267,9820
Curtis MacGorrie,532,Hovde,,1209547386000,$4870.23,$33850.33,5108753494910916,8687
Harper Merveille,340,Atwood,,-26662565000,$67324.54,$1678.36,5108750235336443,5267
Tatiana Corrin,14142,Laurel,,-462413153000,$76256.79,$46089.95,5048374124204233,2618
Freedman Folomin,4,Bobwhite,,1180847530000,$20690.81,$9056.65,5048372266614136,5907
Cozmo Mattiacci,15299,Springview,,-45470763000,$31701.38,$68923.37,5108754943463994,7513
Niall Petrazzi,8967,John Wall,649792,1508812318000,$97074.09,$65999.16,5048376636675438,7221
Marlin Keetch,4,Brentwood,,141426467000,$98117.43,$91909.77,5108757480181473,5225
Cate Ashfield,8852,Glendale,,1160883206000,$4304.67,$48261.82,5048379954544244,9306
Norean Haggus,9,Saint Paul,44880-000,930147338000,$93196.51,$13874.06,5108752687175857,6402
Lolita Hawford,76,Loftsgordon,2490-005,887205527000,$67662.58,$98100.80,5048378084003667,3765
Sylvia Omar,294,Northwestern,,897409769000,$44162.41,$96015.01,5108758692502969,8079
Fiona Stringfellow,1676,Shasta,,-512128473000,$75688.88,$4329.39,5048376352475286,8644
Judd Vickarman,202,Golf,739 51,631974205000,$17570.20,$49215.45,5048379043601815,1864
Mathian Saffle,8341,Butterfield,,810502808000,$55259.60,$69154.61,5108756154693086,6033
Onofredo Sitwell,4798,Kropf,,1250346095000,$40563.60,$67353.98,5108758452535670,8485
Gwendolen Gwillim,0,Sugar,756 06,-490859501000,$71518.06,$97167.75,5108753025304951,3607
Harmonia Wake,33310,Corry,,679783324000,$88308.00,$31537.24,5048371209248820,8617
Annabal Epps,1,Heath,,265223442000,$56248.60,$25738.52,5108751598403713,8910
Conny Ambrozewicz,616,Trailsway,,750277832000,$43726.79,$13489.07,5048371080301482,7045
Virgie Ower,0792,Almo,93907,506734010000,$19537.58,$46213.28,5048373310720507,9278
Barny Macklin,32473,Summerview,20292 CEDEX,776483018000,$82781.01,$41796.50,5108751283601910,8356
Ollie Durban,88,Chinook,,1636110460000,$78846.21,$84316.12,5108750493516959,7682
Tommie Baudains,26,Moulton,122 44,747613157000,$88330.85,$46984.94,5048375734980880,3536
Marcile Deener,373,Hudson,,314114800000,$25215.63,$50374.79,5108755872375869,6803
Honoria Massimi,6490,Drewry,,853732858000,$4767.73,$75979.14,5108753977944028,3672
Karoline Gormally,289,Tennyson,,1212725521000,$43624.89,$40561.12,5048378954454784,9701
Davey Allchorn,478,Kingsford,,-75548190000,$70775.73,$77546.29,5108752012140717,5247
Even Woodley,9407,Graceland,,134906123000,$20189.78,$6951.41,5108755691935265,1995
Eben Picken,95103,Red Cloud,,1052132687000,$88243.48,$56799.92,5048370565416617,1838
Tome Blencoe,11879,Dahle,606525,1131691838000,$34522.22,$53670.91,5048374586983662,4712
Georges Garza,0,Mosinee,17009,404072301000,$92546.27,$80164.14,5108756313496082,8692
Tomkin Shear,6,Bultman,341 84,-355136601000,$61835.21,$57245.31,5108754309360271,5150
Yevette Beatty,24,Shasta,140231,-218829079000,$81200.57,$36734.11,5048376672202675,8319
Brandice Duggon,789,Burrows,2815,-558948791000,$84436.47,$39330.53,5048372677051761,5739
Florrie Pardy,4,Stoughton,46140,-27816564000,$21516.56,$66929.21,5048377256492310,3718
Rochell Beacon,5,Florence,,1179185877000,$20336.70,$25530.24,5108757216946546,5760
Leonid Galton,3694,Mallard,238346,-83408388000,$44426.31,$57545.47,5048379870591162,1004
Kippar Shoute,62754,Talmadge,,-76427307000,$34776.15,$77258.54,5108755630333986,6948
Amalea Duerdin,95,Dwight,,1392187371000,$37432.56,$26295.04,5048374894727892,8401
Kara-lynn Coweuppe,18626,Ryan,,397877234000,$59798.19,$60270.56,5048376338820324,3462
Kelvin Snaddin,6560,Old Shore,30104 CEDEX,1520040945000,$17172.24,$32851.54,5048376716388902,5211
Imojean Travis,24,Maryland,,844722557000,$98538.58,$5580.95,5048371166486967,6138
Harrietta Bedbury,5,Ridgeway,58501,265710849000,$64334.66,$45551.35,5048374065265326,4732
Amandie Maasze,7686,Valley Edge,,432213271000,$85565.72,$16383.77,5108751483862627,3002
Baldwin Houtby,2,Esker,783 72,604838484000,$34262.80,$36809.02,5048377054736702,2348
Ollie MacKibbon,983,Havey,,1447345577000,$57449.27,$12087.29,5108750671827715,9554
Timmie Hallowes,111,Cody,4990-600,1569780081000,$8639.23,$23967.86,5108756580945860,8893
Earlie Parr,060,Brickson Park,87250-000,-59722609000,$63340.60,$50124.75,5108752366533731,6758
Gawain Kenwrick,8,Crowley,58100-000,278957941000,$22322.60,$34622.41,5108758477427523,1570
Corine Dack,90,Atwood,,1389678308000,$58624.31,$81615.31,5048371345115719,1761
Ellwood Schiesterl,1078,Marquette,,38405744000,$19361.20,$28682.05,5048373809537750,1721
Whittaker Slany,20482,Killdeer,45306,-4371794000,$52527.30,$73014.21,5048371282196219,2353
Evyn Mathan,12289,Oak,60006 CEDEX,-100815960000,$57196.18,$42229.82,5048373997257443,3373
Harriette Aspel,7250,Garrison,111721,1233042532000,$99425.66,$24955.67,5048375755722385,9979
Sheffy Rickeard,165,Vera,48-340,-6287546000,$99015.09,$96499.74,5048377084615025,9357
Rochette Tzarkov,5,Village Green,77193 CEDEX,271560508000,$54384.73,$33924.46,5048378609043248,7189
Pearle Rowlin,083,6th,3454,-265977379000,$17138.06,$67669.01,5108750095009387,3835
Melita Lazare,0523,Lawn,366602,22700703000,$67289.81,$1768.11,5108752967251139,8464
Kathie Beavon,64,Green,,-422487550000,$78233.74,$26383.82,5108752417571383,9541
Mercy McBride,817,Maple Wood,,1492280078000,$65756.70,$43336.23,5048379741707906,5310
Libby Denness,32508,Armistice,,-211899200000,$49723.27,$20020.10,5108755599007019,9242
Wallis Ralton,348,Utah,,200082865000,$69974.82,$89519.96,5048379161121992,5348
Trefor Burleigh,8,Roth,,-185620471000,$99768.65,$50400.19,5048372847205156,3764
Dolley Borgnol,7,Anthes,601808,311522617000,$17267.29,$87100.62,5048374313744247,6189
Baron Lazer,55146,Thackeray,6005,1198427277000,$77382.95,$47145.72,5048379253338942,1651
Rosaleen Cufflin,49,Loomis,,1318636874000,$30123.11,$65545.65,5108753240521561,6554
Egor Merrill,873,Golf View,,-132350879000,$63142.66,$74046.91,5108754141112799,2482
Tildie Fowden,579,Hollow Ridge,,1388407736000,$85025.45,$28689.25,5048375647973881,8906
Etheline Mowat,9633,Clarendon,353356,15092686000,$99155.29,$48611.30,5048375501162944,2071
Kelsey Labes,02434,Tennessee,386-0404,286997857000,$93989.85,$47192.57,5048379148586077,4433
Bili Uden,2,Tomscot,,1639985905000,$48468.68,$29290.64,5108755877456995,2090
Brandi Bandey,32,Bultman,,1371979412000,$676.47,$21845.20,5048376403207597,5760
Thorn Radclyffe,1,Anniversary,3318,1451850574000,$21736.15,$74364.34,5108750639449222,1372
Alwyn Tratton,43482,Everett,38-411,-2505260000,$85545.84,$43426.79,5108756227688402,8557
Davy Knatt,39591,Novick,,275367046000,$15931.86,$13439.08,5048378035231953,7650
Chelsea Malbon,90056,Riverside,29755,283040166000,$37315.16,$68476.63,5048371824944662,6124
Katey Hurren,81656,Blue Bill Park,5609,1218767117000,$91138.58,$24273.08,5108759362954613,9488
Ludvig Brittin,3,Tony,9073,1272619517000,$82974.57,$45510.93,5048371102327523,6934
Kennith Ivanishin,44,Autumn Leaf,,727027776000,$46315.55,$16005.15,5048376876004299,8363
Lela Reiach,27458,Eagle Crest,,-173430256000,$18575.91,$23657.87,5108756717525619,4643
Ryan Yonge,3,Logan,655752,1137997893000,$21234.40,$56299.64,5048377184340821,8136
Gabie Carden,63,Rigney,614524,1206240662000,$29621.18,$7711.69,5108759282171181,6412
Zed Ripon,30,Truax,,959146878000,$42556.62,$53500.15,5048370643675341,7203
Jaimie Radbourn,894,Maywood,88385-000,340726890000,$53024.89,$63128.38,5108752997573684,7504
Orton Coppins,51236,Havey,91049 CEDEX,668817168000,$43871.54,$15351.56,5048378993089328,2050
Karina Heathcoat,45,Monterey,84-353,-401297084000,$85.06,$97193.79,5108754683541843,9487
Dolorita Winny,6,Schlimgen,,-154110210000,$1555.72,$14124.41,5108756680211254,3750
Emilia Poltun,57143,Graedel,252 46,1311205985000,$68026.83,$46761.53,5048374322533078,7476
Bette Rosewall,529,Veith,,1254546104000,$11819.25,$43017.96,5108751865201121,7837
Lenora Clemenson,5203,Iowa,,1195034967000,$15043.62,$84453.77,5048370899661037,1138
Tilly Manley,24,Rockefeller,,-191831599000,$96542.65,$64623.43,5108753470067236,5836
Sonnie Kording,5,Kinsman,,1369023540000,$4353.22,$53327.59,5108752927900403,2093
Kai Arnell,8,Hollow Ridge,42-293,747914182000,$1915.69,$37855.89,5048378651314083,3140
Lindsey Beernaert,769,Cardinal,,-196606355000,$30511.92,$35450.62,5108757835206264,8846
Hetty Kelly,0,Upham,,180892051000,$80773.70,$75924.33,5048371848637730,1422
Myer Coopper,32815,Eggendart,,1511511929000,$37290.99,$93909.33,5048373132042940,3971
Benedicta Edghinn,3,Washington,,-574615637000,$57639.68,$5435.26,5108751344874662,7967
Babb Yuill,71639,Londonderry,,796444804000,$84468.38,$74716.57,5108753947972158,7813
Lolita Behling,7277,Transport,740,-261977982000,$1881.96,$28737.18,5048374988700847,9122
Sophronia Bertwistle,06,Paget,4830-264,900712333000,$53333.93,$98325.54,5048377305311685,3951
Puff MacGuigan,93388,Brickson Park,,656073532000,$91840.57,$21797.98,5108752704728522,9147
Seana Lonergan,5864,Parkside,251017,888734883000,$94115.89,$41228.22,5108750643426919,1034
Lisha Geffinger,725,Hauk,,-98381711000,$7935.99,$72670.90,5108752103298788,4827
Alfie Gowthrop,4,Laurel,,-308370682000,$19666.28,$75187.45,5108753813598574,7268
Grace Bleas,0,Schmedeman,,-208952219000,$20206.97,$36684.42,5048377679277892,4481
Gerik Rider,60224,Upham,,1556513021000,$1669.53,$65675.50,5048379658829248,1512
Brooks Wackly,86898,Golden Leaf,628251,1102531970000,$94267.94,$97564.09,5108752136182520,9120
Brok McPhail,4,Warbler,,-603640105000,$90328.78,$27622.63,5048371786034189,3665
Laney Rawsen,9,Wayridge,68239,606176160000,$57296.13,$50053.00,5048377166404983,6297
Brew Ruddiforth,442,1st,10160,1326611825000,$89081.62,$69629.79,5048377375817181,5420
Ilaire Hobson,230,Armistice,,1196274366000,$741.92,$13909.41,5108750473839066,7839
Christoper Storch,7616,Pankratz,346516,445505387000,$39041.57,$43924.78,5048376230520238,2487
Peder Birden,99,Talmadge,422338,46908656000,$212.37,$43082.01,5048376825631424,8593
Debor Beach,6,2nd,,442815317000,$48152.21,$42007.72,5048373869621239,4549
Alis Woolmore,1428,Oriole,,360946499000,$59304.47,$75094.41,5108750018005363,1873
Rodi D'Onise,4588,Calypso,,889848381000,$18223.16,$11751.11,5048376078655971,1121
Carmen Pyburn,71,Kenwood,7005-724,71395532000,$90990.36,$78992.35,5048376724040388,2422
Wendell Colum,30,Moose,,400972066000,$91468.90,$59032.02,5108750757315361,3818
Eleni Rawll,79,Coolidge,142817,51058419000,$1847.98,$18042.39,5108750600174924,4919
Tremayne Botha,16,Springs,,-115571159000,$19268.79,$31358.73,5048377433861908,1089
Garreth Marshfield,0949,Magdeline,,330535241000,$57501.47,$44030.34,5108756985188546,6174
Evin Piesold,4198,Daystar,93154 CEDEX,1237949437000,$90320.20,$22650.38,5108755537926098,6321
Estele Flockhart,3489,Monument,,-86956860000,$49596.95,$60193.20,5108755408088747,3845
Hyacinthia Ondricek,804,Waywood,9025,-473551809000,$24467.39,$32330.26,5108757719583440,4979
Sherlock Fellon,8,Hanover,06004,-399149632000,$10745.83,$38493.84,5108755809183659,7876
Alfy Garley,9,Bartillon,,502856709000,$6168.04,$53032.37,5108759586651268,7403
Jeni Sango,26096,Brickson Park,14058 CEDEX 4,-58959020000,$52875.28,$41795.41,5108751751332766,9962
Adrien Davion,7154,Hooker,4332,-372836407000,$3665.79,$37136.86,5048375720108132,3008
Clo Chantrell,49192,Novick,103 50,-354289801000,$50843.84,$98919.89,5048376692970400,8082
Amerigo Lawerence,20,Butternut,68144,952844706000,$13260.05,$58400.82,5108759328340048,4291
Kynthia Newlyn,1206,4th,67190,643775397000,$92311.34,$59897.65,5048375200570819,7457
Celka End,2,Corscot,5204,-217739275000,$76981.29,$36487.43,5048370613937986,4122
Courtney Hawkins,82,Continental,,872154274000,$60627.92,$79345.07,5108755109651884,2445
Koo Spino,80280,Old Shore,5963,693727461000,$62752.22,$8892.51,5048379466745594,8777
Kelsy Sample,6179,Cody,,1040138947000,$7364.11,$74729.52,5108755624196803,4555
Codi Liddall,53132,Upham,42-125,1171738891000,$17858.52,$66048.91,5108759037541134,7497
Nowell Berthouloume,35,Northland,,204652968000,$55706.85,$21904.92,5048372610515179,4342
Celesta Micklem,81511,Hooker,,89618750000,$54520.57,$65700.32,5108754092388075,4658
Denys Webb,52826,Mifflin,,-544699232000,$76775.44,$31137.03,5108750278892823,2723
Celestine Bianco,6690,Union,,1383780442000,$86127.16,$97923.79,5108752355085594,6738
Karee Charnley,292,Debra,,-173396120000,$93757.51,$70923.60,5108753525866814,9535
Marga Thomann,8334,Northland,,180465658000,$41039.96,$38557.12,5108752043464557,9655
Chaim Kytley,19768,Eggendart,79632,-303963151000,$65825.52,$83332.11,5048371825762451,6629
Jesus Blues,90315,Shelley,,1349379780000,$84694.52,$41052.35,5048371763609888,1752
Bentley Moakler,4,Melrose,,1321429239000,$23004.58,$56025.67,5048377358509193,2720
Corby Postin,26,Bonner,2300,750650426000,$82530.89,$82640.62,5048372804191977,5493
Fabien Bannester,5,West,,894494500000,$99277.11,$46215.90,5108759476930061,1034
Anjela Betje,4544,Harper,,509075509000,$46608.35,$42658.05,5048373063522134,2636
Arney Poynton,640,Mockingbird,,196185535000,$14452.83,$62545.75,5048373071026755,8059
Mart Mullord,90,Cottonwood,3800-716,-295990058000,$11678.77,$84731.43,5048378092442352,1232
Dulcia Risman,1,Mayer,70000-000,1582204165000,$81823.30,$60735.37,5108755327874763,6098
Mirella Garrigan,6195,Sunfield,73216 CEDEX,-273526497000,$54828.16,$48484.88,5108751063084808,7078
Jasmine McMorran,7452,Russell,,-53145721000,$44389.25,$81371.94,5108758587720148,2236
Myrna Bernolet,21,Forest,253027,527177012000,$12513.38,$85558.43,5048375641945356,3507
Roxanna Benns,87,Iowa,,-151196297000,$60468.04,$58499.31,5108755548048908,7759
Kearney Woodsford,77621,Stephen,705079,1620955120000,$80235.16,$71407.71,5108750452961782,5068
Kory Pic,68211,Cardinal,14-210,-530290795000,$4482.50,$32276.64,5108751441074810,6852
Renard Tesdale,78,Corscot,,-599884785000,$31077.08,$81930.63,5108759674201984,2117
Alfred Marder,45,Sachtjen,,433427758000,$42468.21,$45103.55,5108751554940096,5718
Rochester Morcombe,63075,Colorado,84-217,-417159562000,$15647.69,$46863.91,5108757460812972,6240
Ermengarde Seth,38,Springview,,-119925260000,$95475.92,$84999.15,5108758732851913,2494
Karoline Hexum,95417,Kedzie,901993,114547000,$73469.29,$7914.13,5048375355647206,9008
Rosaline Sommerfeld,15,Rutledge,606085,445851415000,$37987.70,$14616.11,5048377716140988,7298
Jameson McRoberts,746,Bluejay,32-851,877156359000,$85869.88,$9384.87,5048379090592339,5845
Katherine Colecrough,6,Northview,,1211042930000,$82738.48,$895.57,5108752155273028,3348
Eyde Hay,537,David,,-451023487000,$74666.54,$35417.67,5048375906234645,6846
Celinda Whaley,601,Homewood,,423273663000,$47568.82,$63231.41,5108751893570331,4124
Cord Brickell,45598,Lake View,,1153043475000,$36483.99,$77967.38,5048371825817578,7777
Charlene Rubery,1589,Elka,,491467942000,$61921.94,$40255.56,5108751928291838,3449
Nissie Ianiello,891,Bashford,,-192510715000,$8357.23,$23121.64,5048373613932346,7372
Lida Reardon,4101,Cambridge,,728758749000,$22018.77,$45436.67,5108759892784464,4517
Tad Greensted,88302,Rieder,,481408415000,$87870.36,$87.99,5108752661719985,2607
Wilfrid Middlemist,43219,Rieder,,-392065949000,$37001.43,$22156.18,5048370465752376,3384
Corty Hellmore,7772,Judy,,-277682900000,$23899.09,$99790.03,5048378787807067,7571
Dorian Marte,3917,Summit,389 01,429630694000,$80358.67,$52858.03,5108753464112337,6968
Dorice Jennions,96329,Village Green,,-465491623000,$49469.61,$75186.20,5108755414376300,6211
Starla Lenton,14139,Meadow Vale,,802089077000,$30880.42,$26075.61,5108757876118345,2973
Ulrika Valentin,6631,Chinook,,321742088000,$38251.42,$80300.10,5108756482424626,1536
Pincus Elie,1339,Longview,,-575044120000,$86990.50,$82838.90,5108758403144366,6063
Viviene Chasmoor,5,Village,,-613688389000,$44216.39,$63021.05,5108759418364585,5690
Geri Howard,9,Havey,,1309754318000,$93066.17,$6219.69,5108750909615650,2504
Charlean Sennett,1900,Golf,2436,337001421000,$20369.71,$87266.42,5108750905335428,4347
Derward Cashin,48,Red Cloud,,1585893639000,$76723.95,$10475.09,5108757842162856,9806
Erin Stouther,20,Westerfield,,335536020000,$81325.63,$6554.86,5048379175647644,5841
Marianna Sokill,01976,Grover,,203134288000,$97975.93,$74906.21,5048373600283570,9495
Russ Ridhole,26,Rockefeller,,1371556798000,$56758.56,$51057.28,5048379797768026,4744
Maud Durnford,8001,Fremont,520-0111,304045866000,$60187.20,$55536.55,5048372679812913,9592
Nevil Rodwell,485,Saint Paul,,123285511000,$71464.53,$54994.85,5048374989515269,9296
Iseabal Liptrod,5390,Amoth,10260,777589202000,$25661.38,$40710.61,5108756552122076,6471
Laurel Wrates,7,Arapahoe,03011,970117444000,$72707.53,$43915.97,5108753353655982,3665
Pat Cranefield,0456,Anzinger,89000-000,533453966000,$36524.75,$43881.08,5108759283664085,9506
Nananne Chappelow,84216,Amoth,675029,-24628452000,$94274.13,$58268.55,5108758078723775,6123
Morgana Shackleford,17,Leroy,,374505734000,$51711.30,$60194.15,5048373818853297,3321
Luce Martinetto,4,La Follette,642 82,346499368000,$88185.46,$76498.95,5108752155234863,4212
Arabele Shillingford,58399,Ryan,17250-000,-213030714000,$80605.39,$40550.45,5108752029883218,9912
Kristos Yakushkev,0,Pennsylvania,,595272132000,$59843.53,$98157.48,5048374822473320,3800
Jedd McWilliams,4617,Sommers,,-578927858000,$15970.31,$14761.45,5048373718623576,5496
Benita Albutt,046,Laurel,9928,1068583043000,$77690.30,$91580.71,5048378985482762,9127
Nikolos Tofful,37,Nelson,2307,978029683000,$61496.27,$25962.04,5108750279003628,6762
Winslow Ladell,69,Daystar,,-218551029000,$69536.27,$17349.20,5108756505284601,3891
Isacco Kays,1123,Magdeline,00928,-104712238000,$37805.40,$38178.61,5048378884294714,2789
Basile Stuther,9833,Ridge Oak,,692399189000,$74462.54,$25968.88,5108755896852844,4378
Ashleigh Windsor,751,Huxley,,-347349684000,$7638.16,$49725.83,5048370911679918,1641
Averil Gooderridge,1,Bartillon,2604,1480601710000,$3417.53,$68684.75,5108758179569127,1690
Scarlett Dymick,04,Springview,34000,1012868017000,$61940.83,$98769.65,5108751038237432,2656
Kylynn Castagno,8254,Sachtjen,,1503002555000,$63994.15,$33775.97,5048375492443048,2541
Dougie Amori,5189,Summerview,501-4455,614329094000,$98487.30,$46552.99,5048373312674181,6698
Barry Benbrick,2,Vera,,-621489552000,$99428.40,$29625.59,5048376995824494,8279
Sharla Ridsdell,21640,Bultman,592 13,139308555000,$28286.21,$10058.78,5048376807999096,5430
Paola Ungerecht,66,Florence,,332071991000,$49334.69,$27901.75,5108753345675197,5883
Eadith Le Houx,38616,Menomonie,,1436265839000,$54180.17,$52100.45,5048371419788060,8802
Berny Metcalfe,1,Lillian,661 24,-619817650000,$9846.81,$35850.66,5108756416992375,4681
Clifford Boyles,00,Fair Oaks,606231,-70488658000,$27468.30,$96002.88,5048375110405775,1671
Peadar McCurtin,39,Steensland,,392039544000,$48659.88,$40463.36,5108751793851682,3952
Maximilianus Bream,286,Pierstorff,4809,285259004000,$405.92,$13194.74,5108755793774612,8107
Spenser Isac,3,Michigan,,443534821000,$57820.80,$51226.59,5108755790231798,3719
Eugine Bold,2431,Pepper Wood,403772,1104936286000,$34306.53,$9268.46,5108754704510892,2368
Rachel Silverston,54876,Thompson,1110,502040015000,$90090.12,$99727.34,5048375442164884,1502
Ethelbert Kerley,235,Mccormick,,1619067042000,$21973.13,$37629.34,5048378557328484,9265
Corie Granleese,07,Novick,20184 CEDEX 1,202780416000,$47527.91,$66342.10,5048377218241235,4926
Merrick Cheal,27,Park Meadow,,1482201767000,$50322.78,$44734.30,5108757432393499,8876
Kirstin Jeanon,1,Alpine,96710,1216620901000,$66751.23,$95132.90,5048372523103857,8896
Devlen Gateshill,85,Gerald,,167204619000,$58238.42,$4779.41,5108759681749934,8258
Alexandr Findon,34877,Barby,,-483981522000,$89342.00,$98310.82,5108753447413620,3798
Ray Presdee,24,Bunting,,31411190000,$77.69,$83332.76,5048375475383690,3837
Rodina Mallabone,88658,Nova,,-173833671000,$81141.47,$99106.09,5108758768413026,5405
Andy Pashba,7,Dennis,2425-839,56863614000,$10998.22,$28371.59,5048370282052745,4771
Edgar Cremin,529,Hazelcrest,2509,737362736000,$17039.89,$16940.11,5048376673540461,2245
Joyce Dummer,40573,Bay,,186418495000,$84889.83,$28488.48,5048379095555992,7431
Louella Hamshaw,4376,Springview,594 53,91020984000,$7123.15,$86578.19,5048374350453678,8433
Marcella Kalkofer,1,Doe Crossing,06357 CEDEX 4,-203456260000,$40141.68,$90144.05,5108755386374283,8136
Junina Itzakovitz,45897,Fuller,,951978541000,$880.43,$81103.06,5108756826071885,3613
Sherline Scheu,68622,Marcy,431107,232436113000,$89193.18,$2501.49,5048373130316338,7431
Boot Keets,2,Hoepker,,423027300000,$15255.51,$50363.64,5048378204645066,7479
Haleigh Knell,533,Lyons,5029,1355250508000,$44589.89,$75601.11,5108754343659126,4520
Shadow Birkenshaw,8131,Caliangt,33140,1523952709000,$61663.46,$29305.06,5108759625878104,1501
Odie Attreed,8036,Annamark,,1190135780000,$79105.72,$45445.99,5108751229520604,8088
Ephrem Schorah,97,Ryan,,-622968284000,$40370.69,$88018.07,5048378123607130,1913
Linette Dann,025,Pawling,,-330458853000,$57853.41,$25952.47,5048376441276612,5855
Paolina Wayon,925,Fairview,,1439412659000,$98247.70,$40820.21,5048376831629438,7322
Melina Mucklow,88428,Elmside,11803,159247929000,$25951.99,$30652.10,5108759810179169,2776
Vittorio Cortin,6416,Blackbird,357560,826783109000,$42398.65,$27672.24,5048379621141713,8206
Elizabet Castagne,9855,Shopko,,-419851270000,$32821.40,$65794.34,5048370016485906,4951
Berni Caulwell,017,Dexter,186806,-459692082000,$47485.72,$50575.71,5048372492485285,2510
Gale Jaulmes,3030,Roxbury,30414,974754979000,$14821.40,$57147.86,5108756288454611,3140
Dannel Coghlan,5,Bonner,360 01,1256416239000,$88372.21,$49393.98,5048373708676071,8306
Janel Ballaam,65811,Dakota,,685487232000,$33246.40,$33799.34,5048374799514775,6711
Ludovika Bart,1,Namekagon,,-138996022000,$59296.61,$47416.21,5108755893749241,3197
Othelia Dyas,91,Bobwhite,,563282073000,$46624.86,$63933.68,5048377193791667,4874
Saree Janas,3927,Pankratz,,886522965000,$59278.63,$61113.93,5108755888028650,4231
Torrie Spencock,69886,Schurz,1738,-155466266000,$54154.11,$78927.03,5108757611809026,4214
Buckie Gemmell,67546,Maryland,83164 CEDEX,1059118319000,$35439.23,$95615.46,5048378044731571,3026
Laure Sutherns,97,Northland,44804 CEDEX,1414937003000,$97471.45,$4718.63,5048374125038358,5578
Ludwig Sawers,5773,Merry,,376284235000,$57339.82,$4656.04,5108753527880508,7045
Kellen Danbye,310,Maryland,,582174707000,$17946.42,$88841.96,5108759024916828,9662
Gabbie Fronsek,4749,Grayhawk,,-459874173000,$57536.57,$25156.45,5048370107779852,6753
Craggy Marson,08,High Crossing,,-495879938000,$55539.05,$71805.66,5108757290926752,8745
Joya Sandwick,6,Grasskamp,,1408723081000,$52759.83,$23675.95,5108751077160123,8046
Vladimir Patching,1,Summerview,360-0201,95598707000,$76741.92,$78402.50,5048370053604997,4704
Ryan Saltmarsh,9,International,,1405850686000,$4554.88,$80481.81,5048374701496004,5350
Pepito Crassweller,30,Pierstorff,8418,-529427386000,$31381.00,$40680.80,5108750602990830,4037
Berke Gerrill,7213,Riverside,36120,852059226000,$25859.10,$82127.73,5048374010910273,3726
Alika Larraway,6207,Warner,55920-000,356838359000,$82355.18,$24183.23,5108756420528884,3050
Deerdre Sachno,67181,Pankratz,4064,963063510000,$32051.51,$89731.77,5108759491188778,1941
Amby Bridgen,2,Mcbride,361366,1561874530000,$64497.42,$90080.69,5108754261614095,5117
Jessy Cowup,22084,Debra,,-485614682000,$54191.77,$80770.22,5108755966348459,6640
Amaleta Kinnach,52,6th,6012,1308496807000,$86112.23,$50409.64,5048370623831617,8612
Vinnie Dunley,58410,Lakewood Gardens,51120,-353230613000,$57070.14,$35572.40,5108755501638943,4577
North Johnsson,384,Veith,8284,856491832000,$33060.28,$22274.98,5048379593423180,8478
Marshall Munby,9,Vahlen,33394 CEDEX,144617511000,$99060.71,$51700.01,5108750614768026,8331
Urbanus Cahey,6530,Mccormick,,1382046788000,$35097.76,$76821.13,5048371530986973,5964
Eden Ruger,40,Iowa,76152 CEDEX,-278198686000,$44432.52,$28292.31,5108759653435165,9613
Quent Oxe,9142,Paget,2415-177,-509835630000,$24999.12,$40489.19,5108752626987651,4962
Robbin Bolle,74,Lien,,1355163980000,$16432.00,$1385.46,5108756456144721,2589
Koralle Mabbe,1167,Rutledge,50009 CEDEX,284789805000,$95807.13,$2114.80,5108755966469834,6877
Maxwell Chelnam,7,Kenwood,,1444250301000,$48841.70,$45384.55,5048379763365716,5050
Maddie Jacqueminet,0,Iowa,21210,1062349637000,$31546.03,$11387.03,5048375248960360,7551
Kaile Grindlay,752,Schmedeman,,995189166000,$64564.06,$33543.38,5048377758338391,5208
Russ Keeble,04,Talmadge,5706,751269099000,$59650.12,$81996.60,5108757167900476,1249
Vi Stobart,5894,Jenifer,,-27104707000,$66851.60,$21974.24,5048376132814820,1518
Matteo Feaks,82,Thackeray,,-211548466000,$33281.86,$2771.16,5048376033550051,7814
Etty Gowar,2401,Park Meadow,,1640347360000,$4962.98,$46639.17,5108756398321957,4638
Morna Joscelin,6,Jackson,97864 CEDEX,1540438723000,$42218.88,$65840.71,5048372853622740,1832
Roda Bewsy,30662,Marcy,,-302284620000,$38071.65,$66540.84,5108752629518354,4597
Bruno Wyndham,006,Mallory,25117 CEDEX,-589603521000,$86569.04,$75150.40,5048376688746228,9812
Quincey McCarter,6657,Randy,94330,558008307000,$8301.28,$74482.06,5108754272793219,5259
Jocelyne Pitkeathly,8473,Melby,344-0061,843827999000,$31580.11,$30156.31,5048376898841173,3898
Issiah Portugal,8,Loftsgordon,8365-059,-576597919000,$45815.67,$28143.24,5048375959458372,6229
Catlin Whitwell,35,Moulton,633411,1041137048000,$63867.24,$61192.84,5048374825574132,8289
Vinny Beauly,73,Ramsey,,-421969321000,$45170.05,$69991.56,5108758454461925,7579
Caitrin Hansed,9,Sherman,,29583985000,$76466.97,$26420.69,5048378408643842,6354
Horatio Danbrook,0,Shelley,753 62,236138523000,$77059.46,$20704.88,5108751525988984,8295
Timi Raycroft,0899,Boyd,,1131225100000,$49099.93,$46007.88,5048372852202676,4572
Constantino Ilewicz,9,Banding,,1022505879000,$22442.94,$3909.49,5108755718445983,7642
Willow Valerius,73839,Melody,,-298348110000,$58974.07,$11179.63,5108756776363688,2925
Nicoli Matzl,9357,Vahlen,47239,904232292000,$98219.75,$2682.36,5108753123813796,4703
Tarah Wiz,9984,Grim,147 00,229561703000,$44497.40,$8707.25,5048377248868502,6564
Ferguson Ciardo,306,Cottonwood,,120912321000,$61631.21,$34643.51,5108750907038426,5460
Millisent Elfitt,1,Sunfield,62-085,1524636017000,$6283.63,$38280.36,5048372860380365,4853
Rustin Sellers,35572,Kropf,35400,146005359000,$4287.44,$81744.16,5108750230185431,5356
Liliane Folonin,178,Delaware,,-180531889000,$60684.04,$70828.56,5108759146510376,7365
Katie Detoc,0,6th,,814689773000,$29056.97,$16246.19,5108758747105396,8148
Lezley Swindon,10210,Laurel,63520-000,-468585176000,$99376.33,$20717.15,5108758187274751,2615
Willi Valentetti,21639,Chinook,,1055031508000,$23284.45,$41570.45,5048377927291422,1410
Alanah Sollime,8,Loeprich,,712330662000,$55117.26,$79934.64,5048376169313779,8600
Becky Cowle,0,Ridgeview,,676598373000,$14457.55,$55771.50,5048379773560207,2497
Sorcha Pachta,09,David,95128,-228746859000,$12161.69,$58020.15,5108754515190454,1814
Katharine Woodyeare,541,Thompson,301477,-475621576000,$12369.64,$81858.31,5108753268756248,4006
Douglass Janatka,667,Farragut,74-320,705647920000,$24411.65,$47934.66,5108754354538144,5004
Claudell Gotcliff,383,Boyd,,1407805896000,$35507.26,$98708.62,5048379583234142,6585
Burgess Spender,720,School,6813,565521630000,$30655.09,$33950.08,5108750576343438,3934
Alexandros Le Pine,8837,Oxford,,472051033000,$7938.11,$5574.04,5108758335949023,1185
Tommi Maudett,6607,Anzinger,,1409500384000,$89409.99,$47836.58,5108750540166899,1307
Selene Morsom,4412,Jenifer,39818-000,1271971861000,$40783.07,$64826.50,5048376438081256,5980
Marjie Muneely,43669,Artisan,,930693613000,$92663.44,$96354.43,5048375670639342,6700
Kathie Chadney,959,Carioca,8230,1368032926000,$25767.99,$88864.30,5048379299622887,2465
Marcellina Druitt,4,Eastwood,4615-099,903373061000,$85175.48,$73848.04,5048377951082937,2295
Rochester Rossin,49,Burrows,,280204541000,$34596.95,$47170.25,5108753515570640,4830
Gertrude Maudsley,573,Division,1161,756690534000,$21610.50,$28498.30,5048374492778339,5213
Benyamin Do Rosario,50554,Roxbury,,417053356000,$85955.40,$9175.59,5048376171228924,1184
Tildi Westmancoat,22073,Mcguire,,905191730000,$76191.91,$18738.60,5108751729301992,7427
Annabela Dufton,92,Bellgrove,4600-661,100190674000,$72576.04,$85411.16,5108755173377481,6776
Mable Enright,95,Golf,,234806521000,$82428.38,$8449.45,5048378536749859,7820
Leland Gentile,849,Lindbergh,342 80,-540899243000,$65006.30,$30003.64,5108751034679645,2323
Tara Averill,76,Knutson,57990,414456296000,$36023.57,$62016.91,5108753255159307,6562
Genevra Lacey,7147,Steensland,14815-000,64888326000,$64451.80,$76166.43,5048375920511077,7970
Myrah Kinnar,01457,Mesta,197-0834,-393069937000,$32162.51,$9018.82,5048379826155906,5354
Aeriell Kibbel,24,Lillian,6090-215,-544527125000,$29919.35,$10989.46,5108758252709806,7463
Gil Calveley,185,Scoville,366502,758718825000,$63628.16,$22042.04,5048379582097300,5918
Dun Oldland,238,Orin,,-52731345000,$7064.63,$89477.84,5048379558071917,8660
Kirsti Ellice,8280,Cordelia,22-672,-547295231000,$31042.88,$51138.06,5048371662636917,6966
Phebe Rabbitts,13133,Burrows,,-298020211000,$91482.35,$64723.17,5048377358002223,8138
Raleigh Agnew,5,Novick,4312,833002684000,$78802.54,$53794.92,5048370518269816,8049
Charmine Saben,8607,Mariners Cove,351 06,192250491000,$54017.57,$44109.18,5048371513392116,1118
Samson Jurasz,4,Spaight,,263726802000,$25390.27,$93730.73,5048375144227583,1326
Maureene Gouldstone,002,Tennessee,181000,774812072000,$69059.08,$17558.37,5108759264650848,5203
Constantin Hindsberg,3,Bobwhite,,-91955131000,$41222.94,$90931.60,5108756171660118,2238
Joycelin Papaccio,49805,Wayridge,671410,27127055000,$68382.15,$52018.82,5048370538235011,4019
Sianna cornhill,205,Brown,,208147383000,$77113.22,$12035.82,5108758870768457,8916
Mike Skedgell,464,Goodland,215723,1560433345000,$27452.38,$64119.70,5048371920942222,7482
Petra Mobbs,98,Becker,135 22,1406733427000,$96012.56,$4814.49,5048371099348904,8664
Euphemia Folshom,7,Blackbird,,585819588000,$24000.01,$20333.49,5108751295805574,5346
Jerrome Lutz,0949,Esker,,80182711000,$55809.66,$94290.04,5108758077825316,8865
Maybelle Chisholme,3,Bonner,357937,-269646470000,$68058.38,$87166.11,5048375991159988,4263
Yvon Blenkinsop,3651,Saint Paul,,45677537000,$18852.40,$86493.41,5108756355906782,1281
Francesco Tankin,24,Darwin,62-090,-459091859000,$30196.45,$81497.64,5108756651432988,8936
Fitz Nyles,0,Butterfield,76-230,386068973000,$78790.96,$7722.81,5108753223650817,4584
Nye Staig,17481,Bartelt,,674042913000,$9599.40,$98319.23,5048378040143318,4869
Nealon Farey,63,Anthes,,-11528051000,$21309.02,$2839.45,5108752110411762,6385
Mikkel Danhel,5,Anhalt,2519,-338466197000,$8690.37,$61979.65,5048376173999282,1074
Tybi Hagwood,7103,Kenwood,243429,200826267000,$38631.50,$15600.72,5048379859782246,2144
Nicolea Francescozzi,17421,Anderson,6342,1218739520000,$43790.30,$11417.01,5108755189585549,1954
Rudolph McAnulty,534,Northview,2433,1450029497000,$61573.17,$11982.27,5108750370698508,4413
Redd Filippone,75,Derek,238124,351728821000,$21732.34,$54756.89,5108756374620505,8891
Wilfred Clingan,815,Chive,,1154726616000,$2591.47,$17498.01,5048370432187136,5976
Robinet Castro,050,Spaight,38900,1586310711000,$41494.30,$49986.15,5108758346945069,4480
Chic Newton,0526,Butternut,,-47234845000,$4074.69,$4669.17,5108757002927791,9953
Gerry Stevings,9675,Bay,,1339118560000,$72642.81,$75223.39,5108757642217710,1524
Melamie McDavid,836,Hollow Ridge,39080,352232645000,$19705.12,$48371.58,5048373587469804,3946
Randie Weddeburn - Scrimgeour,32,Pennsylvania,17000-000,59552392000,$98646.66,$18949.42,5048375472711679,4663
Carlota Chesson,89098,American,36770-000,557038482000,$47551.09,$60835.75,5108758192530452,7764
Theresa Leguey,62,Declaration,,780869178000,$90440.76,$47399.83,5108752482673940,7535
Valerye Hawkings,5,Dovetail,,192750052000,$73894.02,$17603.52,5048372457835292,3745
Selestina Barense,34,Packers,,251448308000,$49924.50,$94457.62,5108750127269165,1979
Ronald Habin,22749,Anzinger,,249403128000,$80939.50,$98737.24,5108754255467807,2656
Saba Newlyn,73827,Browning,1049,-151139199000,$8499.69,$64540.09,5108750264116559,2729
Oran Arnatt,0,Katie,36205,1170269565000,$61470.99,$34740.92,5048373787379050,6267
Cointon Durek,87034,Maple Wood,,-275288502000,$49971.98,$62072.06,5108750309880987,1318
Oswell Papps,378,Valley Edge,,201530198000,$3863.32,$70845.81,5108754103918845,4936
Koral Nasey,2,Haas,30000-000,-272068432000,$94325.97,$38585.13,5108759398527821,8373
Goldarina McFayden,71,Killdeer,,253600323000,$31944.74,$99646.80,5048374653283517,1619
Carter Benns,7,Spohn,275 80,-182580464000,$78231.24,$70966.13,5048377134725428,7385
Maryrose Drysdell,89,Dottie,,-601856114000,$88967.13,$87140.58,5108754842065478,1906
Gallagher Jzak,90,Brickson Park,,579466786000,$77631.79,$64489.34,5048372791738483,3820
Hermon Mathes,6593,Bluestem,,-235157545000,$91634.52,$30625.74,5108755668612905,7641
Audrye Pisco,9,Kipling,21240,1024503000,$2994.44,$72417.14,5048370262544018,9105
Katuscha Scowcroft,84,Hollow Ridge,,783216232000,$68211.23,$89429.66,5048373762015620,5255
Dulcy Prahm,75,Pepper Wood,06224 CEDEX,1601809595000,$75033.72,$77774.42,5108755939549035,1438
June Windrass,179,1st,,-415028930000,$84129.55,$2023.58,5048376113750266,5515
Emmalee Brandes,684,Sutteridge,77294 CEDEX,998849326000,$14183.59,$32433.54,5048377423143242,3333
Andrey Fincke,0,Rockefeller,,1198533634000,$31177.70,$17877.62,5108750034943886,9106
Rhodie Beardshaw,466,Fisk,,1548453929000,$63479.43,$86166.43,5048372329754739,5844
Dasya Lynock,191,Forster,3543,910763547000,$18003.97,$18743.38,5108755882853939,5564
Ninon Jelly,2376,Arizona,5700,-59980180000,$51499.75,$87716.35,5048371211712797,6791
Gunar Stonman,7,Sutteridge,,1308025220000,$91193.95,$12244.32,5108753411697224,6139
Clemmie Caseley,7456,Warner,,373499683000,$67512.81,$28577.60,5108759570489311,2506
Ben Livard,165,Coleman,D17,845823303000,$65483.92,$58866.65,5108756518765992,1045
Eddie Peto,49867,Waywood,96-127,152839806000,$53180.72,$52396.42,5108752823322017,4316
Cody Borgnet,399,Artisan,,1546244196000,$72770.60,$89099.70,5108751780080790,1761
Annabell Sannes,35,Fairview,238158,1288789873000,$27748.84,$31307.93,5108751607637343,3478
Codie McCurlye,5,Esker,4815-014,1369811033000,$24186.27,$60211.71,5108759948577961,5582
Elsworth MacNeil,6568,Meadow Ridge,,869527210000,$16466.04,$53776.22,5048370326516606,1675
Collete Crummy,316,Hoard,,1645120006000,$40765.03,$86032.39,5048371218259578,2602
Shana Peetermann,8,Roth,,61538535000,$98636.07,$67058.74,5048378723112721,7973
Carla O'Shesnan,91217,Scott,,893556427000,$1991.79,$40105.77,5108755522206803,8137
Kessia Leipold,811,Mockingbird,,756462668000,$80105.86,$31471.41,5048372152667347,3567
Ulick Tythe,58,Towne,929-0203,-433549108000,$2258.48,$37679.90,5048378775478798,3201
Rebeka Dargie,141,Heffernan,,1079703108000,$2282.99,$86104.62,5048379659276183,1508
Remus Hinksen,86124,Coolidge,,-411646136000,$83264.26,$83214.27,5048371860715307,5333
Casper Demange,61389,Walton,,1020823092000,$93436.75,$87049.79,5048375234233293,6985
Brittaney Ackenhead,45444,Elka,67073 CEDEX,1296218564000,$94802.42,$15471.25,5108759187107926,4666
Galina Hinrichs,1,Moulton,,1357134739000,$75579.89,$53490.95,5108757260045112,9032
Siffre Gunner,7896,Ridgeway,,1037359486000,$9723.62,$59989.52,5108752943772430,3517
Mervin Havesides,3,Onsgard,2621,724288829000,$94652.30,$70987.42,5048370413182056,7955
Nobie Sneden,868,Buena Vista,,1155186912000,$72065.07,$28699.54,5048378855593532,4547
Patsy Menci,07524,Westport,33480,1503410506000,$49404.22,$4258.49,5108759401533352,6400
Jillana Bynold,9,Valley Edge,,-346130449000,$2156.12,$90094.69,5108759172374051,7486
Wells Rickerby,78,Iowa,95719 CEDEX 1,1086367746000,$3550.89,$48461.29,5108757499732837,8167
Julian Micheu,0955,Corry,,702272900000,$35283.32,$61569.80,5108758863008424,7613
Letty Wellings,3476,Judy,,1248471072000,$28254.94,$99066.45,5048374328135522,3583
Olav Scrivinor,393,Bluestem,,707916793000,$86746.69,$81438.98,5048375040508045,4743
Jard Haddrill,5,Helena,20110,290662373000,$69703.65,$51163.64,5108751282171386,8700
Aurelia Aindrais,494,Eastlawn,452988,1068256146000,$98504.65,$52137.08,5048378497431729,4480
Duffie Whitaker,755,Warrior,,1369598223000,$34667.61,$88540.66,5048377728692752,1359
Willow Ludlam,7560,Center,,-527397092000,$83629.71,$87207.83,5108755264741603,5825
Lissa Lyst,92807,Larry,,512836545000,$97902.44,$5687.26,5108754783921838,4662
Aurthur Zink,829,Butterfield,75710,-79509096000,$8772.16,$678.84,5048375427148415,6484
Feliks Kier,8,Dawn,,-557776761000,$97491.58,$46859.67,5108756311281643,8802
Maxie Warlow,8736,Express,,472622899000,$49692.84,$56903.62,5108759791331870,2529
Magdalena Babbidge,54,High Crossing,,495486799000,$43107.85,$70140.72,5108752008940963,3650
Amelita Leare,099,Moland,145 69,-165854813000,$84427.90,$67056.75,5108755400842927,5607
Yvette Keyte,994,Golf Course,55750-000,729098160000,$18090.71,$94718.49,5048370048417182,6833
Janella Hardan,3059,Farragut,,543713731000,$79257.01,$68017.77,5108759407187211,5108
Fawne Bloss,36853,Bay,301005,302209399000,$68087.69,$89288.56,5108752084975396,1141
Brooks Clackers,20,Canary,,1290588326000,$23480.49,$90237.22,5108759596690058,2470
Aube Marre,2,Fair Oaks,58110,-546051380000,$18933.22,$8377.23,5048373680607649,2197
Jolie Allawy,05,6th,,-553053682000,$30636.50,$67624.81,5048378493665569,4955
Bev Roo,717,Barby,,833154574000,$76467.23,$83804.59,5108753403065851,6324
Sarene Grigoletti,6046,Hanover,2905,584921386000,$59425.28,$81542.09,5108752887746465,8384
Ernesta McVane,9154,Di Loreto,8118,-2123602000,$48154.67,$14968.31,5108753535781367,6636
Davide Doe,7,Gulseth,,1352438148000,$330.62,$92623.20,5048370145890620,5205
Goldy Bernade,4105,Daystar,,1279241333000,$41333.53,$11463.16,5048378726840393,2087
Sammy Ledeker,9708,Mayer,37-114,1610034652000,$88519.73,$86043.12,5108758772486042,6635
Rea Athow,0,Portage,4201,1422299148000,$44472.52,$4486.30,5108751057937359,9183
Foss Canto,7,Tomscot,56000,114216916000,$32675.68,$57065.90,5048379614366111,2514
Rowe Joynson,26,Johnson,60922 CEDEX 9,1053904978000,$95394.19,$1525.85,5108752839643570,3862
Arni Tetford,4437,Sugar,,26424871000,$87182.37,$29258.73,5048372873040931,3781
Carlen Lofting,96,Rigney,64-915,1450509254000,$79085.95,$13735.62,5108756274072021,7955
Marice Yorston,1,Surrey,,1337340308000,$84752.43,$72155.13,5108753973075991,9516
Kai Bollands,74,Ruskin,,1186132571000,$18920.44,$91174.93,5108756794161999,1538
Chiquia Ayshford,64354,Coolidge,,368839790000,$67838.61,$49712.50,5048373483979351,8244
John Chatell,8,Canary,626190,1387180142000,$6157.67,$51353.84,5048372946649338,4553
Kelvin Thumann,870,Westridge,917 32,482029283000,$53171.15,$78583.43,5108757663931777,4294
Lon Titterington,86603,Brentwood,62-704,1391561811000,$12438.19,$38869.21,5108755821912382,2391
Aretha Gateman,13,Sycamore,,-238035347000,$75590.06,$67013.50,5108752208330882,3008
Nanine Gasgarth,3915,Dryden,,711097076000,$80605.79,$21659.74,5108751473930418,2302
Lanny Lukins,081,Morningstar,,962741162000,$13795.59,$19507.48,5048377695149257,3435
Cris Wornum,03875,Schurz,901993,-139263614000,$19155.12,$36550.91,5108757594000221,4604
Ahmed Baldi,753,Dennis,,1230049208000,$72058.75,$1186.72,5108757431026538,9268
Kerwinn Roo,3542,Artisan,,635657873000,$47024.82,$47107.69,5108750517405445,8285
Ginger Jerdon,92707,Caliangt,6503,834948468000,$8213.13,$15550.30,5108759609152823,7771
Aldon Hupe,2337,Briar Crest,,1210659222000,$65142.05,$35214.17,5108754911938167,8896
Fiona Pippard,342,Anthes,,169512533000,$15319.02,$46850.35,5108757481318405,6315
Lind Broggetti,63025,Heath,,-264440170000,$96730.40,$45176.13,5108756579947091,5433
Agnes Godding,8066,Montana,,-336272756000,$44310.90,$26988.40,5048376884928505,2310
Magdalena Corselles,53028,Hayes,37281,619579815000,$26188.15,$31031.20,5048376994891031,9667
Kellyann Ohanessian,2,Raven,,779230882000,$81404.34,$33331.95,5108751770643383,2158
Alvira Olding,3313,Bunker Hill,,-487711718000,$94067.30,$32910.40,5048373491618934,8716
Joana Penketh,30962,Mitchell,,889368671000,$11150.92,$94490.94,5048375765834055,4496
Faustine Dullingham,25,Northridge,,-69552848000,$84970.65,$13982.59,5108757687931712,6261
Darcy McGuigan,9224,Scofield,,780704063000,$16150.29,$55812.20,5048371080730862,3832
Antonietta Comins,332,Hanson,602 34,416548058000,$77496.49,$25976.98,5048370013272661,2405
Werner Duckit,0,Gale,,640945598000,$9134.61,$92929.54,5048371360426769,4563
Jolynn Hamber,04,Muir,94636 CEDEX 1,512991314000,$88590.80,$79981.60,5108753376137679,5809
Merola O'Keenan,72,Grim,,353410944000,$40569.90,$69597.17,5048374692942396,5171
Alvis Rudgley,92279,Dennis,,-190589172000,$34294.91,$70905.16,5108755456723930,1057
Marjy Trevain,61,Prairie Rose,,1370830513000,$52783.77,$2542.71,5108753535832632,4589
Valida Marginson,914,Almo,,-298618111000,$38951.90,$52136.14,5048379738950683,1871
Carleen Ashtonhurst,145,Summit,83-243,314369948000,$99503.40,$72228.12,5108755916455222,6065
